,act_fun,batch_size,dropout_frac,lr,n_epochs,neuron_layers,optimizer,patience,tol,weight_decay,F1,Acc
538,<function selu at 0x7f362d382d40>,128,0.75,0.001,250,"[5000, 2500, 1000, 250]",<class 'torch.optim.rmsprop.RMSprop'>,50,0,0.0001,0.6,0.8518518518518519
350,<function selu at 0x7f362d382d40>,128,0.65,0.001,250,"[5000, 2500, 1000]",<class 'torch.optim.rmsprop.RMSprop'>,50,0,0.0001,0.5974025974025974,0.808641975308642
327,<function selu at 0x7f362d382d40>,128,0.65,0.001,100,"[5000, 2500, 1000]",<class 'torch.optim.rmsprop.RMSprop'>,50,0,0.0,0.59375,0.8395061728395061
519,<function selu at 0x7f362d382d40>,128,0.75,0.001,100,"[5000, 2500, 1000]",<class 'torch.optim.rmsprop.RMSprop'>,50,0,0.0,0.5833333333333334,0.8148148148148148
54,<function selu at 0x7f362d382d40>,256,0.65,0.001,200,"[5000, 2500, 1000]",<class 'torch.optim.rmsprop.RMSprop'>,50,0,0.0001,0.5714285714285714,0.8148148148148148
142,<function selu at 0x7f362d382d40>,256,0.7,0.001,150,"[5000, 2500, 1000]",<class 'torch.optim.rmsprop.RMSprop'>,50,0,0.0001,0.5714285714285714,0.7962962962962963
474,<function selu at 0x7f362d382d40>,128,0.7,1e-05,250,"[5000, 2500, 1000, 250]",<class 'torch.optim.rmsprop.RMSprop'>,50,0,0.0001,0.5666666666666667,0.8395061728395061
371,<function selu at 0x7f362d382d40>,128,0.65,1e-05,200,"[5000, 2500, 1000, 250]",<class 'torch.optim.rmsprop.RMSprop'>,50,0,0.0,0.5666666666666667,0.8395061728395061
370,<function selu at 0x7f362d382d40>,128,0.65,1e-05,200,"[5000, 2500, 1000, 250]",<class 'torch.optim.rmsprop.RMSprop'>,50,0,0.0001,0.5666666666666667,0.8395061728395061
475,<function selu at 0x7f362d382d40>,128,0.7,1e-05,250,"[5000, 2500, 1000, 250]",<class 'torch.optim.rmsprop.RMSprop'>,50,0,0.0,0.5666666666666667,0.8395061728395061
522,<function selu at 0x7f362d382d40>,128,0.75,0.001,150,"[5000, 2500, 1000, 250]",<class 'torch.optim.rmsprop.RMSprop'>,50,0,0.0001,0.5666666666666667,0.8395061728395061
63,<function selu at 0x7f362d382d40>,256,0.65,0.001,250,"[5000, 2500, 1000]",<class 'torch.optim.rmsprop.RMSprop'>,50,0,0.0,0.5614035087719298,0.845679012345679
175,<function selu at 0x7f362d382d40>,256,0.7,1e-05,150,"[5000, 2500, 1000]",<class 'torch.optim.rmsprop.RMSprop'>,50,0,0.0,0.5573770491803278,0.8333333333333334
174,<function selu at 0x7f362d382d40>,256,0.7,1e-05,150,"[5000, 2500, 1000]",<class 'torch.optim.rmsprop.RMSprop'>,50,0,0.0001,0.5573770491803278,0.8333333333333334
278,<function selu at 0x7f362d382d40>,256,0.75,1e-05,200,"[5000, 2500, 1000]",<class 'torch.optim.rmsprop.RMSprop'>,50,0,0.0001,0.5573770491803278,0.8333333333333334
279,<function selu at 0x7f362d382d40>,256,0.75,1e-05,200,"[5000, 2500, 1000]",<class 'torch.optim.rmsprop.RMSprop'>,50,0,0.0,0.5573770491803278,0.8333333333333334
439,<function selu at 0x7f362d382d40>,128,0.7,0.001,200,"[5000, 2500, 1000]",<class 'torch.optim.rmsprop.RMSprop'>,50,0,0.0,0.5507246376811594,0.808641975308642
143,<function selu at 0x7f362d382d40>,256,0.7,0.001,150,"[5000, 2500, 1000]",<class 'torch.optim.rmsprop.RMSprop'>,50,0,0.0,0.55,0.7777777777777778
79,<function selu at 0x7f362d382d40>,256,0.65,1e-05,150,"[5000, 2500, 1000]",<class 'torch.optim.rmsprop.RMSprop'>,50,0,0.0,0.5483870967741935,0.8271604938271605
90,<function selu at 0x7f362d382d40>,256,0.65,1e-05,250,"[5000, 2500, 1000, 250]",<class 'torch.optim.rmsprop.RMSprop'>,50,0,0.0001,0.5483870967741935,0.8271604938271605
287,<function selu at 0x7f362d382d40>,256,0.75,1e-05,250,"[5000, 2500, 1000]",<class 'torch.optim.rmsprop.RMSprop'>,50,0,0.0,0.5483870967741935,0.8271604938271605
91,<function selu at 0x7f362d382d40>,256,0.65,1e-05,250,"[5000, 2500, 1000, 250]",<class 'torch.optim.rmsprop.RMSprop'>,50,0,0.0,0.5483870967741935,0.8271604938271605
564,<function selu at 0x7f362d382d40>,128,0.75,1e-05,200,"[5000, 2500, 1000]",<class 'torch.optim.adamw.AdamW'>,50,0,0.0001,0.5483870967741935,0.8271604938271605
565,<function selu at 0x7f362d382d40>,128,0.75,1e-05,200,"[5000, 2500, 1000]",<class 'torch.optim.adamw.AdamW'>,50,0,0.0,0.5483870967741935,0.8271604938271605
286,<function selu at 0x7f362d382d40>,256,0.75,1e-05,250,"[5000, 2500, 1000]",<class 'torch.optim.rmsprop.RMSprop'>,50,0,0.0001,0.5483870967741935,0.8271604938271605
78,<function selu at 0x7f362d382d40>,256,0.65,1e-05,150,"[5000, 2500, 1000]",<class 'torch.optim.rmsprop.RMSprop'>,50,0,0.0001,0.5483870967741935,0.8271604938271605
423,<function selu at 0x7f362d382d40>,128,0.7,0.001,100,"[5000, 2500, 1000]",<class 'torch.optim.rmsprop.RMSprop'>,50,0,0.0,0.547945205479452,0.7962962962962963
59,<function selu at 0x7f362d382d40>,256,0.65,0.001,250,"[5000, 2500, 1000, 250]",<class 'torch.optim.rmsprop.RMSprop'>,50,0,0.0,0.5454545454545454,0.8148148148148148
365,<function selu at 0x7f362d382d40>,128,0.65,1e-05,150,"[5000, 2500, 1000]",<class 'torch.optim.adamw.AdamW'>,50,0,0.0,0.5423728813559322,0.8333333333333334
531,<function selu at 0x7f362d382d40>,128,0.75,0.001,200,"[5000, 2500, 1000, 250]",<class 'torch.optim.rmsprop.RMSprop'>,50,0,0.0,0.5423728813559322,0.8333333333333334
364,<function selu at 0x7f362d382d40>,128,0.65,1e-05,150,"[5000, 2500, 1000]",<class 'torch.optim.adamw.AdamW'>,50,0,0.0001,0.5423728813559322,0.8333333333333334
458,<function selu at 0x7f362d382d40>,128,0.7,1e-05,150,"[5000, 2500, 1000, 250]",<class 'torch.optim.rmsprop.RMSprop'>,50,0,0.0001,0.5396825396825397,0.8209876543209876
377,<function selu at 0x7f362d382d40>,128,0.65,1e-05,250,"[5000, 2500, 1000, 250]",<class 'torch.optim.adamw.AdamW'>,50,0,0.0,0.5396825396825397,0.8209876543209876
58,<function selu at 0x7f362d382d40>,256,0.65,0.001,250,"[5000, 2500, 1000, 250]",<class 'torch.optim.rmsprop.RMSprop'>,50,0,0.0001,0.5396825396825397,0.8209876543209876
357,<function selu at 0x7f362d382d40>,128,0.65,1e-05,100,"[5000, 2500, 1000]",<class 'torch.optim.adamw.AdamW'>,50,0,0.0,0.5396825396825397,0.8209876543209876
571,<function selu at 0x7f362d382d40>,128,0.75,1e-05,250,"[5000, 2500, 1000, 250]",<class 'torch.optim.rmsprop.RMSprop'>,50,0,0.0,0.5396825396825397,0.8209876543209876
570,<function selu at 0x7f362d382d40>,128,0.75,1e-05,250,"[5000, 2500, 1000, 250]",<class 'torch.optim.rmsprop.RMSprop'>,50,0,0.0001,0.5396825396825397,0.8209876543209876
362,<function selu at 0x7f362d382d40>,128,0.65,1e-05,150,"[5000, 2500, 1000, 250]",<class 'torch.optim.rmsprop.RMSprop'>,50,0,0.0001,0.5396825396825397,0.8209876543209876
356,<function selu at 0x7f362d382d40>,128,0.65,1e-05,100,"[5000, 2500, 1000]",<class 'torch.optim.adamw.AdamW'>,50,0,0.0001,0.5396825396825397,0.8209876543209876
363,<function selu at 0x7f362d382d40>,128,0.65,1e-05,150,"[5000, 2500, 1000, 250]",<class 'torch.optim.rmsprop.RMSprop'>,50,0,0.0,0.5396825396825397,0.8209876543209876
461,<function selu at 0x7f362d382d40>,128,0.7,1e-05,150,"[5000, 2500, 1000]",<class 'torch.optim.adamw.AdamW'>,50,0,0.0,0.5396825396825397,0.8209876543209876
467,<function selu at 0x7f362d382d40>,128,0.7,1e-05,200,"[5000, 2500, 1000, 250]",<class 'torch.optim.rmsprop.RMSprop'>,50,0,0.0,0.5396825396825397,0.8209876543209876
376,<function selu at 0x7f362d382d40>,128,0.65,1e-05,250,"[5000, 2500, 1000, 250]",<class 'torch.optim.adamw.AdamW'>,50,0,0.0001,0.5396825396825397,0.8209876543209876
466,<function selu at 0x7f362d382d40>,128,0.7,1e-05,200,"[5000, 2500, 1000, 250]",<class 'torch.optim.rmsprop.RMSprop'>,50,0,0.0001,0.5396825396825397,0.8209876543209876
459,<function selu at 0x7f362d382d40>,128,0.7,1e-05,150,"[5000, 2500, 1000, 250]",<class 'torch.optim.rmsprop.RMSprop'>,50,0,0.0,0.5396825396825397,0.8209876543209876
460,<function selu at 0x7f362d382d40>,128,0.7,1e-05,150,"[5000, 2500, 1000]",<class 'torch.optim.adamw.AdamW'>,50,0,0.0001,0.5396825396825397,0.8209876543209876
549,<function selu at 0x7f362d382d40>,128,0.75,1e-05,100,"[5000, 2500, 1000]",<class 'torch.optim.adamw.AdamW'>,50,0,0.0,0.5373134328358209,0.808641975308642
548,<function selu at 0x7f362d382d40>,128,0.75,1e-05,100,"[5000, 2500, 1000]",<class 'torch.optim.adamw.AdamW'>,50,0,0.0001,0.5373134328358209,0.808641975308642
469,<function selu at 0x7f362d382d40>,128,0.7,1e-05,200,"[5000, 2500, 1000]",<class 'torch.optim.adamw.AdamW'>,50,0,0.0,0.5333333333333333,0.8271604938271605
468,<function selu at 0x7f362d382d40>,128,0.7,1e-05,200,"[5000, 2500, 1000]",<class 'torch.optim.adamw.AdamW'>,50,0,0.0001,0.5333333333333333,0.8271604938271605
477,<function selu at 0x7f362d382d40>,128,0.7,1e-05,250,"[5000, 2500, 1000]",<class 'torch.optim.adamw.AdamW'>,50,0,0.0,0.5333333333333333,0.8271604938271605
572,<function selu at 0x7f362d382d40>,128,0.75,1e-05,250,"[5000, 2500, 1000]",<class 'torch.optim.adamw.AdamW'>,50,0,0.0001,0.5333333333333333,0.8271604938271605
476,<function selu at 0x7f362d382d40>,128,0.7,1e-05,250,"[5000, 2500, 1000]",<class 'torch.optim.adamw.AdamW'>,50,0,0.0001,0.5333333333333333,0.8271604938271605
573,<function selu at 0x7f362d382d40>,128,0.75,1e-05,250,"[5000, 2500, 1000]",<class 'torch.optim.adamw.AdamW'>,50,0,0.0,0.5333333333333333,0.8271604938271605
373,<function selu at 0x7f362d382d40>,128,0.65,1e-05,200,"[5000, 2500, 1000]",<class 'torch.optim.adamw.AdamW'>,50,0,0.0,0.5333333333333333,0.8271604938271605
372,<function selu at 0x7f362d382d40>,128,0.65,1e-05,200,"[5000, 2500, 1000]",<class 'torch.optim.adamw.AdamW'>,50,0,0.0001,0.5333333333333333,0.8271604938271605
453,<function selu at 0x7f362d382d40>,128,0.7,1e-05,100,"[5000, 2500, 1000]",<class 'torch.optim.adamw.AdamW'>,50,0,0.0,0.53125,0.8148148148148148
71,<function selu at 0x7f362d382d40>,256,0.65,1e-05,100,"[5000, 2500, 1000]",<class 'torch.optim.rmsprop.RMSprop'>,50,0,0.0,0.53125,0.8148148148148148
70,<function selu at 0x7f362d382d40>,256,0.65,1e-05,100,"[5000, 2500, 1000]",<class 'torch.optim.rmsprop.RMSprop'>,50,0,0.0001,0.53125,0.8148148148148148
193,<function selu at 0x7f362d382d40>,256,0.75,0.0001,100,"[5000, 2500, 1000, 250]",<class 'torch.optim.adamw.AdamW'>,50,0,0.0,0.53125,0.8148148148148148
452,<function selu at 0x7f362d382d40>,128,0.7,1e-05,100,"[5000, 2500, 1000]",<class 'torch.optim.adamw.AdamW'>,50,0,0.0001,0.53125,0.8148148148148148
192,<function selu at 0x7f362d382d40>,256,0.75,0.0001,100,"[5000, 2500, 1000, 250]",<class 'torch.optim.adamw.AdamW'>,50,0,0.0001,0.53125,0.8148148148148148
556,<function selu at 0x7f362d382d40>,128,0.75,1e-05,150,"[5000, 2500, 1000]",<class 'torch.optim.adamw.AdamW'>,50,0,0.0001,0.53125,0.8148148148148148
271,<function selu at 0x7f362d382d40>,256,0.75,1e-05,150,"[5000, 2500, 1000]",<class 'torch.optim.rmsprop.RMSprop'>,50,0,0.0,0.53125,0.8148148148148148
355,<function selu at 0x7f362d382d40>,128,0.65,1e-05,100,"[5000, 2500, 1000, 250]",<class 'torch.optim.rmsprop.RMSprop'>,50,0,0.0,0.53125,0.8148148148148148
542,<function selu at 0x7f362d382d40>,128,0.75,0.001,250,"[5000, 2500, 1000]",<class 'torch.optim.rmsprop.RMSprop'>,50,0,0.0001,0.53125,0.8148148148148148
557,<function selu at 0x7f362d382d40>,128,0.75,1e-05,150,"[5000, 2500, 1000]",<class 'torch.optim.adamw.AdamW'>,50,0,0.0,0.53125,0.8148148148148148
527,<function selu at 0x7f362d382d40>,128,0.75,0.001,150,"[5000, 2500, 1000]",<class 'torch.optim.rmsprop.RMSprop'>,50,0,0.0,0.53125,0.8148148148148148
270,<function selu at 0x7f362d382d40>,256,0.75,1e-05,150,"[5000, 2500, 1000]",<class 'torch.optim.rmsprop.RMSprop'>,50,0,0.0001,0.53125,0.8148148148148148
354,<function selu at 0x7f362d382d40>,128,0.65,1e-05,100,"[5000, 2500, 1000, 250]",<class 'torch.optim.rmsprop.RMSprop'>,50,0,0.0001,0.53125,0.8148148148148148
515,<function selu at 0x7f362d382d40>,128,0.75,0.001,100,"[5000, 2500, 1000, 250]",<class 'torch.optim.rmsprop.RMSprop'>,50,0,0.0,0.5294117647058824,0.8024691358024691
76,<function selu at 0x7f362d382d40>,256,0.65,1e-05,150,"[5000, 2500, 1000]",<class 'torch.optim.adamw.AdamW'>,50,0,0.0001,0.5294117647058824,0.8024691358024691
77,<function selu at 0x7f362d382d40>,256,0.65,1e-05,150,"[5000, 2500, 1000]",<class 'torch.optim.adamw.AdamW'>,50,0,0.0,0.5294117647058824,0.8024691358024691
534,<function selu at 0x7f362d382d40>,128,0.75,0.001,200,"[5000, 2500, 1000]",<class 'torch.optim.rmsprop.RMSprop'>,50,0,0.0001,0.5277777777777778,0.7901234567901234
87,<function selu at 0x7f362d382d40>,256,0.65,1e-05,200,"[5000, 2500, 1000]",<class 'torch.optim.rmsprop.RMSprop'>,50,0,0.0,0.5245901639344263,0.8209876543209876
190,<function selu at 0x7f362d382d40>,256,0.7,1e-05,250,"[5000, 2500, 1000]",<class 'torch.optim.rmsprop.RMSprop'>,50,0,0.0001,0.5245901639344263,0.8209876543209876
86,<function selu at 0x7f362d382d40>,256,0.65,1e-05,200,"[5000, 2500, 1000]",<class 'torch.optim.rmsprop.RMSprop'>,50,0,0.0001,0.5245901639344263,0.8209876543209876
559,<function selu at 0x7f362d382d40>,128,0.75,1e-05,150,"[5000, 2500, 1000]",<class 'torch.optim.rmsprop.RMSprop'>,50,0,0.0,0.5245901639344263,0.8209876543209876
558,<function selu at 0x7f362d382d40>,128,0.75,1e-05,150,"[5000, 2500, 1000]",<class 'torch.optim.rmsprop.RMSprop'>,50,0,0.0001,0.5245901639344263,0.8209876543209876
183,<function selu at 0x7f362d382d40>,256,0.7,1e-05,200,"[5000, 2500, 1000]",<class 'torch.optim.rmsprop.RMSprop'>,50,0,0.0,0.5245901639344263,0.8209876543209876
182,<function selu at 0x7f362d382d40>,256,0.7,1e-05,200,"[5000, 2500, 1000]",<class 'torch.optim.rmsprop.RMSprop'>,50,0,0.0001,0.5245901639344263,0.8209876543209876
551,<function selu at 0x7f362d382d40>,128,0.75,1e-05,100,"[5000, 2500, 1000]",<class 'torch.optim.rmsprop.RMSprop'>,50,0,0.0,0.5245901639344263,0.8209876543209876
550,<function selu at 0x7f362d382d40>,128,0.75,1e-05,100,"[5000, 2500, 1000]",<class 'torch.optim.rmsprop.RMSprop'>,50,0,0.0001,0.5245901639344263,0.8209876543209876
455,<function selu at 0x7f362d382d40>,128,0.7,1e-05,100,"[5000, 2500, 1000]",<class 'torch.optim.rmsprop.RMSprop'>,50,0,0.0,0.5245901639344263,0.8209876543209876
454,<function selu at 0x7f362d382d40>,128,0.7,1e-05,100,"[5000, 2500, 1000]",<class 'torch.optim.rmsprop.RMSprop'>,50,0,0.0001,0.5245901639344263,0.8209876543209876
191,<function selu at 0x7f362d382d40>,256,0.7,1e-05,250,"[5000, 2500, 1000]",<class 'torch.optim.rmsprop.RMSprop'>,50,0,0.0,0.5245901639344263,0.8209876543209876
82,<function selu at 0x7f362d382d40>,256,0.65,1e-05,200,"[5000, 2500, 1000, 250]",<class 'torch.optim.rmsprop.RMSprop'>,50,0,0.0001,0.5230769230769231,0.808641975308642
83,<function selu at 0x7f362d382d40>,256,0.65,1e-05,200,"[5000, 2500, 1000, 250]",<class 'torch.optim.rmsprop.RMSprop'>,50,0,0.0,0.5230769230769231,0.808641975308642
562,<function selu at 0x7f362d382d40>,128,0.75,1e-05,200,"[5000, 2500, 1000, 250]",<class 'torch.optim.rmsprop.RMSprop'>,50,0,0.0001,0.5230769230769231,0.808641975308642
563,<function selu at 0x7f362d382d40>,128,0.75,1e-05,200,"[5000, 2500, 1000, 250]",<class 'torch.optim.rmsprop.RMSprop'>,50,0,0.0,0.5230769230769231,0.808641975308642
246,<function selu at 0x7f362d382d40>,256,0.75,0.001,200,"[5000, 2500, 1000]",<class 'torch.optim.rmsprop.RMSprop'>,50,0,0.0001,0.5217391304347826,0.7962962962962963
343,<function selu at 0x7f362d382d40>,128,0.65,0.001,200,"[5000, 2500, 1000]",<class 'torch.optim.rmsprop.RMSprop'>,50,0,0.0,0.5194805194805194,0.7716049382716049
188,<function selu at 0x7f362d382d40>,256,0.7,1e-05,250,"[5000, 2500, 1000]",<class 'torch.optim.adamw.AdamW'>,50,0,0.0001,0.5151515151515151,0.8024691358024691
187,<function selu at 0x7f362d382d40>,256,0.7,1e-05,250,"[5000, 2500, 1000, 250]",<class 'torch.optim.rmsprop.RMSprop'>,50,0,0.0,0.5151515151515151,0.8024691358024691
186,<function selu at 0x7f362d382d40>,256,0.7,1e-05,250,"[5000, 2500, 1000, 250]",<class 'torch.optim.rmsprop.RMSprop'>,50,0,0.0001,0.5151515151515151,0.8024691358024691
189,<function selu at 0x7f362d382d40>,256,0.7,1e-05,250,"[5000, 2500, 1000]",<class 'torch.optim.adamw.AdamW'>,50,0,0.0,0.5151515151515151,0.8024691358024691
167,<function selu at 0x7f362d382d40>,256,0.7,1e-05,100,"[5000, 2500, 1000]",<class 'torch.optim.rmsprop.RMSprop'>,50,0,0.0,0.5151515151515151,0.8024691358024691
93,<function selu at 0x7f362d382d40>,256,0.65,1e-05,250,"[5000, 2500, 1000]",<class 'torch.optim.adamw.AdamW'>,50,0,0.0,0.5151515151515151,0.8024691358024691
263,<function selu at 0x7f362d382d40>,256,0.75,1e-05,100,"[5000, 2500, 1000]",<class 'torch.optim.rmsprop.RMSprop'>,50,0,0.0,0.5151515151515151,0.8024691358024691
92,<function selu at 0x7f362d382d40>,256,0.65,1e-05,250,"[5000, 2500, 1000]",<class 'torch.optim.adamw.AdamW'>,50,0,0.0001,0.5151515151515151,0.8024691358024691
85,<function selu at 0x7f362d382d40>,256,0.65,1e-05,200,"[5000, 2500, 1000]",<class 'torch.optim.adamw.AdamW'>,50,0,0.0,0.5151515151515151,0.8024691358024691
84,<function selu at 0x7f362d382d40>,256,0.65,1e-05,200,"[5000, 2500, 1000]",<class 'torch.optim.adamw.AdamW'>,50,0,0.0001,0.5151515151515151,0.8024691358024691
166,<function selu at 0x7f362d382d40>,256,0.7,1e-05,100,"[5000, 2500, 1000]",<class 'torch.optim.rmsprop.RMSprop'>,50,0,0.0001,0.5151515151515151,0.8024691358024691
262,<function selu at 0x7f362d382d40>,256,0.75,1e-05,100,"[5000, 2500, 1000]",<class 'torch.optim.rmsprop.RMSprop'>,50,0,0.0001,0.5151515151515151,0.8024691358024691
34,<function selu at 0x7f362d382d40>,256,0.65,0.001,100,"[5000, 2500, 1000, 250]",<class 'torch.optim.rmsprop.RMSprop'>,50,0,0.0001,0.5128205128205128,0.7654320987654321
339,<function selu at 0x7f362d382d40>,128,0.65,0.001,200,"[5000, 2500, 1000, 250]",<class 'torch.optim.rmsprop.RMSprop'>,50,0,0.0,0.509090909090909,0.8333333333333334
380,<function selu at 0x7f362d382d40>,128,0.65,1e-05,250,"[5000, 2500, 1000]",<class 'torch.optim.adamw.AdamW'>,50,0,0.0001,0.5084745762711864,0.8209876543209876
381,<function selu at 0x7f362d382d40>,128,0.65,1e-05,250,"[5000, 2500, 1000]",<class 'torch.optim.adamw.AdamW'>,50,0,0.0,0.5084745762711864,0.8209876543209876
378,<function selu at 0x7f362d382d40>,128,0.65,1e-05,250,"[5000, 2500, 1000, 250]",<class 'torch.optim.rmsprop.RMSprop'>,50,0,0.0001,0.5084745762711864,0.8209876543209876
379,<function selu at 0x7f362d382d40>,128,0.65,1e-05,250,"[5000, 2500, 1000, 250]",<class 'torch.optim.rmsprop.RMSprop'>,50,0,0.0,0.5084745762711864,0.8209876543209876
358,<function selu at 0x7f362d382d40>,128,0.65,1e-05,100,"[5000, 2500, 1000]",<class 'torch.optim.rmsprop.RMSprop'>,50,0,0.0001,0.5084745762711864,0.8209876543209876
359,<function selu at 0x7f362d382d40>,128,0.65,1e-05,100,"[5000, 2500, 1000]",<class 'torch.optim.rmsprop.RMSprop'>,50,0,0.0,0.5084745762711864,0.8209876543209876
180,<function selu at 0x7f362d382d40>,256,0.7,1e-05,200,"[5000, 2500, 1000]",<class 'torch.optim.adamw.AdamW'>,50,0,0.0001,0.5074626865671642,0.7962962962962963
472,<function selu at 0x7f362d382d40>,128,0.7,1e-05,250,"[5000, 2500, 1000, 250]",<class 'torch.optim.adamw.AdamW'>,50,0,0.0001,0.5074626865671642,0.7962962962962963
451,<function selu at 0x7f362d382d40>,128,0.7,1e-05,100,"[5000, 2500, 1000, 250]",<class 'torch.optim.rmsprop.RMSprop'>,50,0,0.0,0.5074626865671642,0.7962962962962963
450,<function selu at 0x7f362d382d40>,128,0.7,1e-05,100,"[5000, 2500, 1000, 250]",<class 'torch.optim.rmsprop.RMSprop'>,50,0,0.0001,0.5074626865671642,0.7962962962962963
473,<function selu at 0x7f362d382d40>,128,0.7,1e-05,250,"[5000, 2500, 1000, 250]",<class 'torch.optim.adamw.AdamW'>,50,0,0.0,0.5074626865671642,0.7962962962962963
369,<function selu at 0x7f362d382d40>,128,0.65,1e-05,200,"[5000, 2500, 1000, 250]",<class 'torch.optim.adamw.AdamW'>,50,0,0.0,0.5074626865671642,0.7962962962962963
285,<function selu at 0x7f362d382d40>,256,0.75,1e-05,250,"[5000, 2500, 1000]",<class 'torch.optim.adamw.AdamW'>,50,0,0.0,0.5074626865671642,0.7962962962962963
368,<function selu at 0x7f362d382d40>,128,0.65,1e-05,200,"[5000, 2500, 1000, 250]",<class 'torch.optim.adamw.AdamW'>,50,0,0.0001,0.5074626865671642,0.7962962962962963
181,<function selu at 0x7f362d382d40>,256,0.7,1e-05,200,"[5000, 2500, 1000]",<class 'torch.optim.adamw.AdamW'>,50,0,0.0,0.5074626865671642,0.7962962962962963
284,<function selu at 0x7f362d382d40>,256,0.75,1e-05,250,"[5000, 2500, 1000]",<class 'torch.optim.adamw.AdamW'>,50,0,0.0001,0.5074626865671642,0.7962962962962963
35,<function selu at 0x7f362d382d40>,256,0.65,0.001,100,"[5000, 2500, 1000, 250]",<class 'torch.optim.rmsprop.RMSprop'>,50,0,0.0,0.5070422535211268,0.7839506172839507
277,<function selu at 0x7f362d382d40>,256,0.75,1e-05,200,"[5000, 2500, 1000]",<class 'torch.optim.adamw.AdamW'>,50,0,0.0,0.5070422535211268,0.7839506172839507
276,<function selu at 0x7f362d382d40>,256,0.75,1e-05,200,"[5000, 2500, 1000]",<class 'torch.optim.adamw.AdamW'>,50,0,0.0001,0.5070422535211268,0.7839506172839507
342,<function selu at 0x7f362d382d40>,128,0.65,0.001,200,"[5000, 2500, 1000]",<class 'torch.optim.rmsprop.RMSprop'>,50,0,0.0001,0.5,0.8271604938271605
523,<function selu at 0x7f362d382d40>,128,0.75,0.001,150,"[5000, 2500, 1000, 250]",<class 'torch.optim.rmsprop.RMSprop'>,50,0,0.0,0.5,0.7901234567901234
227,<function selu at 0x7f362d382d40>,256,0.75,0.001,100,"[5000, 2500, 1000, 250]",<class 'torch.optim.rmsprop.RMSprop'>,50,0,0.0,0.5,0.8148148148148148
47,<function selu at 0x7f362d382d40>,256,0.65,0.001,150,"[5000, 2500, 1000]",<class 'torch.optim.rmsprop.RMSprop'>,50,0,0.0,0.5,0.7777777777777778
554,<function selu at 0x7f362d382d40>,128,0.75,1e-05,150,"[5000, 2500, 1000, 250]",<class 'torch.optim.rmsprop.RMSprop'>,50,0,0.0001,0.5,0.7901234567901234
335,<function selu at 0x7f362d382d40>,128,0.65,0.001,150,"[5000, 2500, 1000]",<class 'torch.optim.rmsprop.RMSprop'>,50,0,0.0,0.5,0.7654320987654321
50,<function selu at 0x7f362d382d40>,256,0.65,0.001,200,"[5000, 2500, 1000, 250]",<class 'torch.optim.rmsprop.RMSprop'>,50,0,0.0001,0.5,0.8024691358024691
351,<function selu at 0x7f362d382d40>,128,0.65,0.001,250,"[5000, 2500, 1000]",<class 'torch.optim.rmsprop.RMSprop'>,50,0,0.0,0.5,0.7530864197530864
555,<function selu at 0x7f362d382d40>,128,0.75,1e-05,150,"[5000, 2500, 1000, 250]",<class 'torch.optim.rmsprop.RMSprop'>,50,0,0.0,0.5,0.7901234567901234
247,<function selu at 0x7f362d382d40>,256,0.75,0.001,200,"[5000, 2500, 1000]",<class 'torch.optim.rmsprop.RMSprop'>,50,0,0.0,0.4935064935064935,0.7592592592592593
170,<function selu at 0x7f362d382d40>,256,0.7,1e-05,150,"[5000, 2500, 1000, 250]",<class 'torch.optim.rmsprop.RMSprop'>,50,0,0.0001,0.4931506849315068,0.7716049382716049
171,<function selu at 0x7f362d382d40>,256,0.7,1e-05,150,"[5000, 2500, 1000, 250]",<class 'torch.optim.rmsprop.RMSprop'>,50,0,0.0,0.4931506849315068,0.7716049382716049
465,<function selu at 0x7f362d382d40>,128,0.7,1e-05,200,"[5000, 2500, 1000, 250]",<class 'torch.optim.adamw.AdamW'>,50,0,0.0,0.4931506849315068,0.7716049382716049
172,<function selu at 0x7f362d382d40>,256,0.7,1e-05,150,"[5000, 2500, 1000]",<class 'torch.optim.adamw.AdamW'>,50,0,0.0001,0.4931506849315068,0.7716049382716049
464,<function selu at 0x7f362d382d40>,128,0.7,1e-05,200,"[5000, 2500, 1000, 250]",<class 'torch.optim.adamw.AdamW'>,50,0,0.0001,0.4931506849315068,0.7716049382716049
173,<function selu at 0x7f362d382d40>,256,0.7,1e-05,150,"[5000, 2500, 1000]",<class 'torch.optim.adamw.AdamW'>,50,0,0.0,0.4931506849315068,0.7716049382716049
239,<function selu at 0x7f362d382d40>,256,0.75,0.001,150,"[5000, 2500, 1000]",<class 'torch.optim.rmsprop.RMSprop'>,50,0,0.0,0.4931506849315068,0.7716049382716049
282,<function selu at 0x7f362d382d40>,256,0.75,1e-05,250,"[5000, 2500, 1000, 250]",<class 'torch.optim.rmsprop.RMSprop'>,50,0,0.0001,0.4931506849315068,0.7716049382716049
283,<function selu at 0x7f362d382d40>,256,0.75,1e-05,250,"[5000, 2500, 1000, 250]",<class 'torch.optim.rmsprop.RMSprop'>,50,0,0.0,0.4931506849315068,0.7716049382716049
179,<function selu at 0x7f362d382d40>,256,0.7,1e-05,200,"[5000, 2500, 1000, 250]",<class 'torch.optim.rmsprop.RMSprop'>,50,0,0.0,0.4927536231884058,0.7839506172839507
75,<function selu at 0x7f362d382d40>,256,0.65,1e-05,150,"[5000, 2500, 1000, 250]",<class 'torch.optim.rmsprop.RMSprop'>,50,0,0.0,0.4927536231884058,0.7839506172839507
74,<function selu at 0x7f362d382d40>,256,0.65,1e-05,150,"[5000, 2500, 1000, 250]",<class 'torch.optim.rmsprop.RMSprop'>,50,0,0.0001,0.4927536231884058,0.7839506172839507
254,<function selu at 0x7f362d382d40>,256,0.75,0.001,250,"[5000, 2500, 1000]",<class 'torch.optim.rmsprop.RMSprop'>,50,0,0.0001,0.4927536231884058,0.7839506172839507
178,<function selu at 0x7f362d382d40>,256,0.7,1e-05,200,"[5000, 2500, 1000, 250]",<class 'torch.optim.rmsprop.RMSprop'>,50,0,0.0001,0.4927536231884058,0.7839506172839507
438,<function selu at 0x7f362d382d40>,128,0.7,0.001,200,"[5000, 2500, 1000]",<class 'torch.optim.rmsprop.RMSprop'>,50,0,0.0001,0.49230769230769234,0.7962962962962963
526,<function selu at 0x7f362d382d40>,128,0.75,0.001,150,"[5000, 2500, 1000]",<class 'torch.optim.rmsprop.RMSprop'>,50,0,0.0001,0.49230769230769234,0.7962962962962963
384,<function selu at 0x7f362d382d40>,128,0.7,0.0001,100,"[5000, 2500, 1000, 250]",<class 'torch.optim.adamw.AdamW'>,50,0,0.0001,0.49122807017543857,0.8209876543209876
385,<function selu at 0x7f362d382d40>,128,0.7,0.0001,100,"[5000, 2500, 1000, 250]",<class 'torch.optim.adamw.AdamW'>,50,0,0.0,0.49122807017543857,0.8209876543209876
547,<function selu at 0x7f362d382d40>,128,0.75,1e-05,100,"[5000, 2500, 1000, 250]",<class 'torch.optim.rmsprop.RMSprop'>,50,0,0.0,0.48717948717948717,0.7530864197530864
456,<function selu at 0x7f362d382d40>,128,0.7,1e-05,150,"[5000, 2500, 1000, 250]",<class 'torch.optim.adamw.AdamW'>,50,0,0.0001,0.48717948717948717,0.7530864197530864
546,<function selu at 0x7f362d382d40>,128,0.75,1e-05,100,"[5000, 2500, 1000, 250]",<class 'torch.optim.rmsprop.RMSprop'>,50,0,0.0001,0.48717948717948717,0.7530864197530864
158,<function selu at 0x7f362d382d40>,256,0.7,0.001,250,"[5000, 2500, 1000]",<class 'torch.optim.rmsprop.RMSprop'>,50,0,0.0001,0.48717948717948717,0.7530864197530864
457,<function selu at 0x7f362d382d40>,128,0.7,1e-05,150,"[5000, 2500, 1000, 250]",<class 'torch.optim.adamw.AdamW'>,50,0,0.0,0.48717948717948717,0.7530864197530864
66,<function selu at 0x7f362d382d40>,256,0.65,1e-05,100,"[5000, 2500, 1000, 250]",<class 'torch.optim.rmsprop.RMSprop'>,50,0,0.0001,0.4864864864864865,0.7654320987654321
67,<function selu at 0x7f362d382d40>,256,0.65,1e-05,100,"[5000, 2500, 1000, 250]",<class 'torch.optim.rmsprop.RMSprop'>,50,0,0.0,0.4864864864864865,0.7654320987654321
361,<function selu at 0x7f362d382d40>,128,0.65,1e-05,150,"[5000, 2500, 1000, 250]",<class 'torch.optim.adamw.AdamW'>,50,0,0.0,0.4864864864864865,0.7654320987654321
360,<function selu at 0x7f362d382d40>,128,0.65,1e-05,150,"[5000, 2500, 1000, 250]",<class 'torch.optim.adamw.AdamW'>,50,0,0.0001,0.4864864864864865,0.7654320987654321
131,<function selu at 0x7f362d382d40>,256,0.7,0.001,100,"[5000, 2500, 1000, 250]",<class 'torch.optim.rmsprop.RMSprop'>,50,0,0.0,0.4864864864864865,0.7654320987654321
447,<function selu at 0x7f362d382d40>,128,0.7,0.001,250,"[5000, 2500, 1000]",<class 'torch.optim.rmsprop.RMSprop'>,50,0,0.0,0.4838709677419355,0.8024691358024691
446,<function selu at 0x7f362d382d40>,128,0.7,0.001,250,"[5000, 2500, 1000]",<class 'torch.optim.rmsprop.RMSprop'>,50,0,0.0001,0.4838709677419355,0.8024691358024691
0,<function selu at 0x7f362d382d40>,256,0.65,0.0001,100,"[5000, 2500, 1000, 250]",<class 'torch.optim.adamw.AdamW'>,50,0,0.0001,0.4827586206896552,0.8148148148148148
479,<function selu at 0x7f362d382d40>,128,0.7,1e-05,250,"[5000, 2500, 1000]",<class 'torch.optim.rmsprop.RMSprop'>,50,0,0.0,0.4827586206896552,0.8148148148148148
426,<function selu at 0x7f362d382d40>,128,0.7,0.001,150,"[5000, 2500, 1000, 250]",<class 'torch.optim.rmsprop.RMSprop'>,50,0,0.0001,0.4827586206896552,0.8148148148148148
1,<function selu at 0x7f362d382d40>,256,0.65,0.0001,100,"[5000, 2500, 1000, 250]",<class 'torch.optim.adamw.AdamW'>,50,0,0.0,0.4827586206896552,0.8148148148148148
462,<function selu at 0x7f362d382d40>,128,0.7,1e-05,150,"[5000, 2500, 1000]",<class 'torch.optim.rmsprop.RMSprop'>,50,0,0.0001,0.4827586206896552,0.8148148148148148
478,<function selu at 0x7f362d382d40>,128,0.7,1e-05,250,"[5000, 2500, 1000]",<class 'torch.optim.rmsprop.RMSprop'>,50,0,0.0001,0.4827586206896552,0.8148148148148148
375,<function selu at 0x7f362d382d40>,128,0.65,1e-05,200,"[5000, 2500, 1000]",<class 'torch.optim.rmsprop.RMSprop'>,50,0,0.0,0.4827586206896552,0.8148148148148148
374,<function selu at 0x7f362d382d40>,128,0.65,1e-05,200,"[5000, 2500, 1000]",<class 'torch.optim.rmsprop.RMSprop'>,50,0,0.0001,0.4827586206896552,0.8148148148148148
463,<function selu at 0x7f362d382d40>,128,0.7,1e-05,150,"[5000, 2500, 1000]",<class 'torch.optim.rmsprop.RMSprop'>,50,0,0.0,0.4827586206896552,0.8148148148148148
353,<function selu at 0x7f362d382d40>,128,0.65,1e-05,100,"[5000, 2500, 1000, 250]",<class 'torch.optim.adamw.AdamW'>,50,0,0.0,0.4810126582278481,0.7469135802469136
560,<function selu at 0x7f362d382d40>,128,0.75,1e-05,200,"[5000, 2500, 1000, 250]",<class 'torch.optim.adamw.AdamW'>,50,0,0.0001,0.4810126582278481,0.7469135802469136
561,<function selu at 0x7f362d382d40>,128,0.75,1e-05,200,"[5000, 2500, 1000, 250]",<class 'torch.optim.adamw.AdamW'>,50,0,0.0,0.4810126582278481,0.7469135802469136
352,<function selu at 0x7f362d382d40>,128,0.65,1e-05,100,"[5000, 2500, 1000, 250]",<class 'torch.optim.adamw.AdamW'>,50,0,0.0001,0.4810126582278481,0.7469135802469136
138,<function selu at 0x7f362d382d40>,256,0.7,0.001,150,"[5000, 2500, 1000, 250]",<class 'torch.optim.rmsprop.RMSprop'>,50,0,0.0001,0.47761194029850745,0.7839506172839507
347,<function selu at 0x7f362d382d40>,128,0.65,0.001,250,"[5000, 2500, 1000, 250]",<class 'torch.optim.rmsprop.RMSprop'>,50,0,0.0,0.47761194029850745,0.7839506172839507
39,<function selu at 0x7f362d382d40>,256,0.65,0.001,100,"[5000, 2500, 1000]",<class 'torch.optim.rmsprop.RMSprop'>,50,0,0.0,0.47619047619047616,0.7283950617283951
422,<function selu at 0x7f362d382d40>,128,0.7,0.001,100,"[5000, 2500, 1000]",<class 'torch.optim.rmsprop.RMSprop'>,50,0,0.0001,0.47619047619047616,0.7962962962962963
552,<function selu at 0x7f362d382d40>,128,0.75,1e-05,150,"[5000, 2500, 1000, 250]",<class 'torch.optim.adamw.AdamW'>,50,0,0.0001,0.475,0.7407407407407407
553,<function selu at 0x7f362d382d40>,128,0.75,1e-05,150,"[5000, 2500, 1000, 250]",<class 'torch.optim.adamw.AdamW'>,50,0,0.0,0.475,0.7407407407407407
165,<function selu at 0x7f362d382d40>,256,0.7,1e-05,100,"[5000, 2500, 1000]",<class 'torch.optim.adamw.AdamW'>,50,0,0.0,0.475,0.7407407407407407
88,<function selu at 0x7f362d382d40>,256,0.65,1e-05,250,"[5000, 2500, 1000, 250]",<class 'torch.optim.adamw.AdamW'>,50,0,0.0001,0.475,0.7407407407407407
89,<function selu at 0x7f362d382d40>,256,0.65,1e-05,250,"[5000, 2500, 1000, 250]",<class 'torch.optim.adamw.AdamW'>,50,0,0.0,0.475,0.7407407407407407
164,<function selu at 0x7f362d382d40>,256,0.7,1e-05,100,"[5000, 2500, 1000]",<class 'torch.optim.adamw.AdamW'>,50,0,0.0001,0.475,0.7407407407407407
104,<function selu at 0x7f362d382d40>,256,0.7,0.0001,150,"[5000, 2500, 1000, 250]",<class 'torch.optim.adamw.AdamW'>,50,0,0.0001,0.4745762711864407,0.808641975308642
201,<function selu at 0x7f362d382d40>,256,0.75,0.0001,150,"[5000, 2500, 1000, 250]",<class 'torch.optim.adamw.AdamW'>,50,0,0.0,0.4745762711864407,0.808641975308642
567,<function selu at 0x7f362d382d40>,128,0.75,1e-05,200,"[5000, 2500, 1000]",<class 'torch.optim.rmsprop.RMSprop'>,50,0,0.0,0.4745762711864407,0.808641975308642
566,<function selu at 0x7f362d382d40>,128,0.75,1e-05,200,"[5000, 2500, 1000]",<class 'torch.optim.rmsprop.RMSprop'>,50,0,0.0001,0.4745762711864407,0.808641975308642
392,<function selu at 0x7f362d382d40>,128,0.7,0.0001,150,"[5000, 2500, 1000, 250]",<class 'torch.optim.adamw.AdamW'>,50,0,0.0001,0.4745762711864407,0.808641975308642
489,<function selu at 0x7f362d382d40>,128,0.75,0.0001,150,"[5000, 2500, 1000, 250]",<class 'torch.optim.adamw.AdamW'>,50,0,0.0,0.4745762711864407,0.808641975308642
488,<function selu at 0x7f362d382d40>,128,0.75,0.0001,150,"[5000, 2500, 1000, 250]",<class 'torch.optim.adamw.AdamW'>,50,0,0.0001,0.4745762711864407,0.808641975308642
481,<function selu at 0x7f362d382d40>,128,0.75,0.0001,100,"[5000, 2500, 1000, 250]",<class 'torch.optim.adamw.AdamW'>,50,0,0.0,0.4745762711864407,0.808641975308642
480,<function selu at 0x7f362d382d40>,128,0.75,0.0001,100,"[5000, 2500, 1000, 250]",<class 'torch.optim.adamw.AdamW'>,50,0,0.0001,0.4745762711864407,0.808641975308642
105,<function selu at 0x7f362d382d40>,256,0.7,0.0001,150,"[5000, 2500, 1000, 250]",<class 'torch.optim.adamw.AdamW'>,50,0,0.0,0.4745762711864407,0.808641975308642
323,<function selu at 0x7f362d382d40>,128,0.65,0.001,100,"[5000, 2500, 1000, 250]",<class 'torch.optim.rmsprop.RMSprop'>,50,0,0.0,0.4745762711864407,0.808641975308642
471,<function selu at 0x7f362d382d40>,128,0.7,1e-05,200,"[5000, 2500, 1000]",<class 'torch.optim.rmsprop.RMSprop'>,50,0,0.0,0.4745762711864407,0.808641975308642
470,<function selu at 0x7f362d382d40>,128,0.7,1e-05,200,"[5000, 2500, 1000]",<class 'torch.optim.rmsprop.RMSprop'>,50,0,0.0001,0.4745762711864407,0.808641975308642
393,<function selu at 0x7f362d382d40>,128,0.7,0.0001,150,"[5000, 2500, 1000, 250]",<class 'torch.optim.adamw.AdamW'>,50,0,0.0,0.4745762711864407,0.808641975308642
200,<function selu at 0x7f362d382d40>,256,0.75,0.0001,150,"[5000, 2500, 1000, 250]",<class 'torch.optim.adamw.AdamW'>,50,0,0.0001,0.4745762711864407,0.808641975308642
409,<function selu at 0x7f362d382d40>,128,0.7,0.0001,250,"[5000, 2500, 1000, 250]",<class 'torch.optim.adamw.AdamW'>,50,0,0.0,0.4745762711864407,0.808641975308642
408,<function selu at 0x7f362d382d40>,128,0.7,0.0001,250,"[5000, 2500, 1000, 250]",<class 'torch.optim.adamw.AdamW'>,50,0,0.0001,0.4745762711864407,0.808641975308642
95,<function selu at 0x7f362d382d40>,256,0.65,1e-05,250,"[5000, 2500, 1000]",<class 'torch.optim.rmsprop.RMSprop'>,50,0,0.0,0.4745762711864407,0.808641975308642
94,<function selu at 0x7f362d382d40>,256,0.65,1e-05,250,"[5000, 2500, 1000]",<class 'torch.optim.rmsprop.RMSprop'>,50,0,0.0001,0.4745762711864407,0.808641975308642
97,<function selu at 0x7f362d382d40>,256,0.7,0.0001,100,"[5000, 2500, 1000, 250]",<class 'torch.optim.adamw.AdamW'>,50,0,0.0,0.4745762711864407,0.808641975308642
96,<function selu at 0x7f362d382d40>,256,0.7,0.0001,100,"[5000, 2500, 1000, 250]",<class 'torch.optim.adamw.AdamW'>,50,0,0.0001,0.4745762711864407,0.808641975308642
268,<function selu at 0x7f362d382d40>,256,0.75,1e-05,150,"[5000, 2500, 1000]",<class 'torch.optim.adamw.AdamW'>,50,0,0.0001,0.47368421052631576,0.7530864197530864
269,<function selu at 0x7f362d382d40>,256,0.75,1e-05,150,"[5000, 2500, 1000]",<class 'torch.optim.adamw.AdamW'>,50,0,0.0,0.47368421052631576,0.7530864197530864
568,<function selu at 0x7f362d382d40>,128,0.75,1e-05,250,"[5000, 2500, 1000, 250]",<class 'torch.optim.adamw.AdamW'>,50,0,0.0001,0.47368421052631576,0.7530864197530864
569,<function selu at 0x7f362d382d40>,128,0.75,1e-05,250,"[5000, 2500, 1000, 250]",<class 'torch.optim.adamw.AdamW'>,50,0,0.0,0.47368421052631576,0.7530864197530864
346,<function selu at 0x7f362d382d40>,128,0.65,0.001,250,"[5000, 2500, 1000, 250]",<class 'torch.optim.rmsprop.RMSprop'>,50,0,0.0001,0.4727272727272727,0.8209876543209876
154,<function selu at 0x7f362d382d40>,256,0.7,0.001,250,"[5000, 2500, 1000, 250]",<class 'torch.optim.rmsprop.RMSprop'>,50,0,0.0001,0.47058823529411764,0.7777777777777778
266,<function selu at 0x7f362d382d40>,256,0.75,1e-05,150,"[5000, 2500, 1000, 250]",<class 'torch.optim.rmsprop.RMSprop'>,50,0,0.0001,0.4691358024691358,0.7345679012345679
448,<function selu at 0x7f362d382d40>,128,0.7,1e-05,100,"[5000, 2500, 1000, 250]",<class 'torch.optim.adamw.AdamW'>,50,0,0.0001,0.4691358024691358,0.7345679012345679
449,<function selu at 0x7f362d382d40>,128,0.7,1e-05,100,"[5000, 2500, 1000, 250]",<class 'torch.optim.adamw.AdamW'>,50,0,0.0,0.4691358024691358,0.7345679012345679
261,<function selu at 0x7f362d382d40>,256,0.75,1e-05,100,"[5000, 2500, 1000]",<class 'torch.optim.adamw.AdamW'>,50,0,0.0,0.4691358024691358,0.7345679012345679
260,<function selu at 0x7f362d382d40>,256,0.75,1e-05,100,"[5000, 2500, 1000]",<class 'torch.optim.adamw.AdamW'>,50,0,0.0001,0.4691358024691358,0.7345679012345679
267,<function selu at 0x7f362d382d40>,256,0.75,1e-05,150,"[5000, 2500, 1000, 250]",<class 'torch.optim.rmsprop.RMSprop'>,50,0,0.0,0.4691358024691358,0.7345679012345679
162,<function selu at 0x7f362d382d40>,256,0.7,1e-05,100,"[5000, 2500, 1000, 250]",<class 'torch.optim.rmsprop.RMSprop'>,50,0,0.0001,0.4691358024691358,0.7345679012345679
163,<function selu at 0x7f362d382d40>,256,0.7,1e-05,100,"[5000, 2500, 1000, 250]",<class 'torch.optim.rmsprop.RMSprop'>,50,0,0.0,0.4691358024691358,0.7345679012345679
68,<function selu at 0x7f362d382d40>,256,0.65,1e-05,100,"[5000, 2500, 1000]",<class 'torch.optim.adamw.AdamW'>,50,0,0.0001,0.4675324675324675,0.7469135802469136
69,<function selu at 0x7f362d382d40>,256,0.65,1e-05,100,"[5000, 2500, 1000]",<class 'torch.optim.adamw.AdamW'>,50,0,0.0,0.4675324675324675,0.7469135802469136
543,<function selu at 0x7f362d382d40>,128,0.75,0.001,250,"[5000, 2500, 1000]",<class 'torch.optim.rmsprop.RMSprop'>,50,0,0.0,0.4666666666666667,0.8024691358024691
400,<function selu at 0x7f362d382d40>,128,0.7,0.0001,200,"[5000, 2500, 1000, 250]",<class 'torch.optim.adamw.AdamW'>,50,0,0.0001,0.4666666666666667,0.8024691358024691
401,<function selu at 0x7f362d382d40>,128,0.7,0.0001,200,"[5000, 2500, 1000, 250]",<class 'torch.optim.adamw.AdamW'>,50,0,0.0,0.4666666666666667,0.8024691358024691
296,<function selu at 0x7f362d382d40>,128,0.65,0.0001,150,"[5000, 2500, 1000, 250]",<class 'torch.optim.adamw.AdamW'>,50,0,0.0001,0.4666666666666667,0.8024691358024691
297,<function selu at 0x7f362d382d40>,128,0.65,0.0001,150,"[5000, 2500, 1000, 250]",<class 'torch.optim.adamw.AdamW'>,50,0,0.0,0.4666666666666667,0.8024691358024691
304,<function selu at 0x7f362d382d40>,128,0.65,0.0001,200,"[5000, 2500, 1000, 250]",<class 'torch.optim.adamw.AdamW'>,50,0,0.0001,0.4666666666666667,0.8024691358024691
305,<function selu at 0x7f362d382d40>,128,0.65,0.0001,200,"[5000, 2500, 1000, 250]",<class 'torch.optim.adamw.AdamW'>,50,0,0.0,0.4666666666666667,0.8024691358024691
574,<function selu at 0x7f362d382d40>,128,0.75,1e-05,250,"[5000, 2500, 1000]",<class 'torch.optim.rmsprop.RMSprop'>,50,0,0.0001,0.4666666666666667,0.8024691358024691
382,<function selu at 0x7f362d382d40>,128,0.65,1e-05,250,"[5000, 2500, 1000]",<class 'torch.optim.rmsprop.RMSprop'>,50,0,0.0001,0.4666666666666667,0.8024691358024691
575,<function selu at 0x7f362d382d40>,128,0.75,1e-05,250,"[5000, 2500, 1000]",<class 'torch.optim.rmsprop.RMSprop'>,50,0,0.0,0.4666666666666667,0.8024691358024691
120,<function selu at 0x7f362d382d40>,256,0.7,0.0001,250,"[5000, 2500, 1000, 250]",<class 'torch.optim.adamw.AdamW'>,50,0,0.0001,0.4666666666666667,0.8024691358024691
121,<function selu at 0x7f362d382d40>,256,0.7,0.0001,250,"[5000, 2500, 1000, 250]",<class 'torch.optim.adamw.AdamW'>,50,0,0.0,0.4666666666666667,0.8024691358024691
24,<function selu at 0x7f362d382d40>,256,0.65,0.0001,250,"[5000, 2500, 1000, 250]",<class 'torch.optim.adamw.AdamW'>,50,0,0.0001,0.4666666666666667,0.8024691358024691
25,<function selu at 0x7f362d382d40>,256,0.65,0.0001,250,"[5000, 2500, 1000, 250]",<class 'torch.optim.adamw.AdamW'>,50,0,0.0,0.4666666666666667,0.8024691358024691
46,<function selu at 0x7f362d382d40>,256,0.65,0.001,150,"[5000, 2500, 1000]",<class 'torch.optim.rmsprop.RMSprop'>,50,0,0.0001,0.4657534246575342,0.7592592592592593
130,<function selu at 0x7f362d382d40>,256,0.7,0.001,100,"[5000, 2500, 1000, 250]",<class 'torch.optim.rmsprop.RMSprop'>,50,0,0.0001,0.463768115942029,0.7716049382716049
518,<function selu at 0x7f362d382d40>,128,0.75,0.001,100,"[5000, 2500, 1000]",<class 'torch.optim.rmsprop.RMSprop'>,50,0,0.0001,0.463768115942029,0.7716049382716049
442,<function selu at 0x7f362d382d40>,128,0.7,0.001,250,"[5000, 2500, 1000, 250]",<class 'torch.optim.rmsprop.RMSprop'>,50,0,0.0001,0.46153846153846156,0.8271604938271605
275,<function selu at 0x7f362d382d40>,256,0.75,1e-05,200,"[5000, 2500, 1000, 250]",<class 'torch.optim.rmsprop.RMSprop'>,50,0,0.0,0.46153846153846156,0.7407407407407407
274,<function selu at 0x7f362d382d40>,256,0.75,1e-05,200,"[5000, 2500, 1000, 250]",<class 'torch.optim.rmsprop.RMSprop'>,50,0,0.0001,0.46153846153846156,0.7407407407407407
431,<function selu at 0x7f362d382d40>,128,0.7,0.001,150,"[5000, 2500, 1000]",<class 'torch.optim.rmsprop.RMSprop'>,50,0,0.0,0.4594594594594595,0.7530864197530864
383,<function selu at 0x7f362d382d40>,128,0.65,1e-05,250,"[5000, 2500, 1000]",<class 'torch.optim.rmsprop.RMSprop'>,50,0,0.0,0.45901639344262296,0.7962962962962963
205,<function selu at 0x7f362d382d40>,256,0.75,0.0001,150,"[5000, 2500, 1000]",<class 'torch.optim.adamw.AdamW'>,50,0,0.0,0.45901639344262296,0.7962962962962963
100,<function selu at 0x7f362d382d40>,256,0.7,0.0001,100,"[5000, 2500, 1000]",<class 'torch.optim.adamw.AdamW'>,50,0,0.0001,0.45901639344262296,0.7962962962962963
204,<function selu at 0x7f362d382d40>,256,0.75,0.0001,150,"[5000, 2500, 1000]",<class 'torch.optim.adamw.AdamW'>,50,0,0.0001,0.45901639344262296,0.7962962962962963
101,<function selu at 0x7f362d382d40>,256,0.7,0.0001,100,"[5000, 2500, 1000]",<class 'torch.optim.adamw.AdamW'>,50,0,0.0,0.45901639344262296,0.7962962962962963
208,<function selu at 0x7f362d382d40>,256,0.75,0.0001,200,"[5000, 2500, 1000, 250]",<class 'torch.optim.adamw.AdamW'>,50,0,0.0001,0.45901639344262296,0.7962962962962963
505,<function selu at 0x7f362d382d40>,128,0.75,0.0001,250,"[5000, 2500, 1000, 250]",<class 'torch.optim.adamw.AdamW'>,50,0,0.0,0.45901639344262296,0.7962962962962963
504,<function selu at 0x7f362d382d40>,128,0.75,0.0001,250,"[5000, 2500, 1000, 250]",<class 'torch.optim.adamw.AdamW'>,50,0,0.0001,0.45901639344262296,0.7962962962962963
209,<function selu at 0x7f362d382d40>,256,0.75,0.0001,200,"[5000, 2500, 1000, 250]",<class 'torch.optim.adamw.AdamW'>,50,0,0.0,0.45901639344262296,0.7962962962962963
4,<function selu at 0x7f362d382d40>,256,0.65,0.0001,100,"[5000, 2500, 1000]",<class 'torch.optim.adamw.AdamW'>,50,0,0.0001,0.45901639344262296,0.7962962962962963
5,<function selu at 0x7f362d382d40>,256,0.65,0.0001,100,"[5000, 2500, 1000]",<class 'torch.optim.adamw.AdamW'>,50,0,0.0,0.45901639344262296,0.7962962962962963
55,<function selu at 0x7f362d382d40>,256,0.65,0.001,200,"[5000, 2500, 1000]",<class 'torch.optim.rmsprop.RMSprop'>,50,0,0.0,0.4578313253012048,0.7222222222222222
62,<function selu at 0x7f362d382d40>,256,0.65,0.001,250,"[5000, 2500, 1000]",<class 'torch.optim.rmsprop.RMSprop'>,50,0,0.0001,0.45714285714285713,0.7654320987654321
231,<function selu at 0x7f362d382d40>,256,0.75,0.001,100,"[5000, 2500, 1000]",<class 'torch.optim.rmsprop.RMSprop'>,50,0,0.0,0.45714285714285713,0.7654320987654321
443,<function selu at 0x7f362d382d40>,128,0.7,0.001,250,"[5000, 2500, 1000, 250]",<class 'torch.optim.rmsprop.RMSprop'>,50,0,0.0,0.45614035087719296,0.808641975308642
434,<function selu at 0x7f362d382d40>,128,0.7,0.001,200,"[5000, 2500, 1000, 250]",<class 'torch.optim.rmsprop.RMSprop'>,50,0,0.0001,0.45614035087719296,0.808641975308642
289,<function selu at 0x7f362d382d40>,128,0.65,0.0001,100,"[5000, 2500, 1000, 250]",<class 'torch.optim.adamw.AdamW'>,50,0,0.0,0.45614035087719296,0.808641975308642
288,<function selu at 0x7f362d382d40>,128,0.65,0.0001,100,"[5000, 2500, 1000, 250]",<class 'torch.optim.adamw.AdamW'>,50,0,0.0001,0.45614035087719296,0.808641975308642
530,<function selu at 0x7f362d382d40>,128,0.75,0.001,200,"[5000, 2500, 1000, 250]",<class 'torch.optim.rmsprop.RMSprop'>,50,0,0.0001,0.45614035087719296,0.808641975308642
43,<function selu at 0x7f362d382d40>,256,0.65,0.001,150,"[5000, 2500, 1000, 250]",<class 'torch.optim.rmsprop.RMSprop'>,50,0,0.0,0.45569620253164556,0.7345679012345679
38,<function selu at 0x7f362d382d40>,256,0.65,0.001,100,"[5000, 2500, 1000]",<class 'torch.optim.rmsprop.RMSprop'>,50,0,0.0001,0.45454545454545453,0.7777777777777778
430,<function selu at 0x7f362d382d40>,128,0.7,0.001,150,"[5000, 2500, 1000]",<class 'torch.optim.rmsprop.RMSprop'>,50,0,0.0001,0.45454545454545453,0.7777777777777778
326,<function selu at 0x7f362d382d40>,128,0.65,0.001,100,"[5000, 2500, 1000]",<class 'torch.optim.rmsprop.RMSprop'>,50,0,0.0001,0.4533333333333333,0.7469135802469136
230,<function selu at 0x7f362d382d40>,256,0.75,0.001,100,"[5000, 2500, 1000]",<class 'torch.optim.rmsprop.RMSprop'>,50,0,0.0001,0.4523809523809524,0.7160493827160493
312,<function selu at 0x7f362d382d40>,128,0.65,0.0001,250,"[5000, 2500, 1000, 250]",<class 'torch.optim.adamw.AdamW'>,50,0,0.0001,0.45161290322580644,0.7901234567901234
6,<function selu at 0x7f362d382d40>,256,0.65,0.0001,100,"[5000, 2500, 1000]",<class 'torch.optim.rmsprop.RMSprop'>,50,0,0.0001,0.45161290322580644,0.7901234567901234
313,<function selu at 0x7f362d382d40>,128,0.65,0.0001,250,"[5000, 2500, 1000, 250]",<class 'torch.optim.adamw.AdamW'>,50,0,0.0,0.45161290322580644,0.7901234567901234
7,<function selu at 0x7f362d382d40>,256,0.65,0.0001,100,"[5000, 2500, 1000]",<class 'torch.optim.rmsprop.RMSprop'>,50,0,0.0,0.45161290322580644,0.7901234567901234
197,<function selu at 0x7f362d382d40>,256,0.75,0.0001,100,"[5000, 2500, 1000]",<class 'torch.optim.adamw.AdamW'>,50,0,0.0,0.45161290322580644,0.7901234567901234
196,<function selu at 0x7f362d382d40>,256,0.75,0.0001,100,"[5000, 2500, 1000]",<class 'torch.optim.adamw.AdamW'>,50,0,0.0001,0.45161290322580644,0.7901234567901234
51,<function selu at 0x7f362d382d40>,256,0.65,0.001,200,"[5000, 2500, 1000, 250]",<class 'torch.optim.rmsprop.RMSprop'>,50,0,0.0,0.45161290322580644,0.7901234567901234
501,<function selu at 0x7f362d382d40>,128,0.75,0.0001,200,"[5000, 2500, 1000]",<class 'torch.optim.adamw.AdamW'>,50,0,0.0,0.45161290322580644,0.7901234567901234
514,<function selu at 0x7f362d382d40>,128,0.75,0.001,100,"[5000, 2500, 1000, 250]",<class 'torch.optim.rmsprop.RMSprop'>,50,0,0.0001,0.45161290322580644,0.7901234567901234
500,<function selu at 0x7f362d382d40>,128,0.75,0.0001,200,"[5000, 2500, 1000]",<class 'torch.optim.adamw.AdamW'>,50,0,0.0001,0.45161290322580644,0.7901234567901234
509,<function selu at 0x7f362d382d40>,128,0.75,0.0001,250,"[5000, 2500, 1000]",<class 'torch.optim.adamw.AdamW'>,50,0,0.0,0.45161290322580644,0.7901234567901234
508,<function selu at 0x7f362d382d40>,128,0.75,0.0001,250,"[5000, 2500, 1000]",<class 'torch.optim.adamw.AdamW'>,50,0,0.0001,0.45161290322580644,0.7901234567901234
539,<function selu at 0x7f362d382d40>,128,0.75,0.001,250,"[5000, 2500, 1000, 250]",<class 'torch.optim.rmsprop.RMSprop'>,50,0,0.0,0.4482758620689655,0.8024691358024691
367,<function selu at 0x7f362d382d40>,128,0.65,1e-05,150,"[5000, 2500, 1000]",<class 'torch.optim.rmsprop.RMSprop'>,50,0,0.0,0.4482758620689655,0.8024691358024691
366,<function selu at 0x7f362d382d40>,128,0.65,1e-05,150,"[5000, 2500, 1000]",<class 'torch.optim.rmsprop.RMSprop'>,50,0,0.0001,0.4482758620689655,0.8024691358024691
242,<function selu at 0x7f362d382d40>,256,0.75,0.001,200,"[5000, 2500, 1000, 250]",<class 'torch.optim.rmsprop.RMSprop'>,50,0,0.0001,0.4482758620689655,0.8024691358024691
147,<function selu at 0x7f362d382d40>,256,0.7,0.001,200,"[5000, 2500, 1000, 250]",<class 'torch.optim.rmsprop.RMSprop'>,50,0,0.0,0.44776119402985076,0.7716049382716049
309,<function selu at 0x7f362d382d40>,128,0.65,0.0001,200,"[5000, 2500, 1000]",<class 'torch.optim.adamw.AdamW'>,50,0,0.0,0.4444444444444444,0.7839506172839507
492,<function selu at 0x7f362d382d40>,128,0.75,0.0001,150,"[5000, 2500, 1000]",<class 'torch.optim.adamw.AdamW'>,50,0,0.0001,0.4444444444444444,0.7839506172839507
493,<function selu at 0x7f362d382d40>,128,0.75,0.0001,150,"[5000, 2500, 1000]",<class 'torch.optim.adamw.AdamW'>,50,0,0.0,0.4444444444444444,0.7839506172839507
316,<function selu at 0x7f362d382d40>,128,0.65,0.0001,250,"[5000, 2500, 1000]",<class 'torch.optim.adamw.AdamW'>,50,0,0.0001,0.4444444444444444,0.7839506172839507
317,<function selu at 0x7f362d382d40>,128,0.65,0.0001,250,"[5000, 2500, 1000]",<class 'torch.optim.adamw.AdamW'>,50,0,0.0,0.4444444444444444,0.7839506172839507
124,<function selu at 0x7f362d382d40>,256,0.7,0.0001,250,"[5000, 2500, 1000]",<class 'torch.optim.adamw.AdamW'>,50,0,0.0001,0.4444444444444444,0.7839506172839507
125,<function selu at 0x7f362d382d40>,256,0.7,0.0001,250,"[5000, 2500, 1000]",<class 'torch.optim.adamw.AdamW'>,50,0,0.0,0.4444444444444444,0.7839506172839507
413,<function selu at 0x7f362d382d40>,128,0.7,0.0001,250,"[5000, 2500, 1000]",<class 'torch.optim.adamw.AdamW'>,50,0,0.0,0.4444444444444444,0.7839506172839507
135,<function selu at 0x7f362d382d40>,256,0.7,0.001,100,"[5000, 2500, 1000]",<class 'torch.optim.rmsprop.RMSprop'>,50,0,0.0,0.4444444444444444,0.691358024691358
412,<function selu at 0x7f362d382d40>,128,0.7,0.0001,250,"[5000, 2500, 1000]",<class 'torch.optim.adamw.AdamW'>,50,0,0.0001,0.4444444444444444,0.7839506172839507
127,<function selu at 0x7f362d382d40>,256,0.7,0.0001,250,"[5000, 2500, 1000]",<class 'torch.optim.rmsprop.RMSprop'>,50,0,0.0,0.4444444444444444,0.7839506172839507
404,<function selu at 0x7f362d382d40>,128,0.7,0.0001,200,"[5000, 2500, 1000]",<class 'torch.optim.adamw.AdamW'>,50,0,0.0001,0.4444444444444444,0.7839506172839507
308,<function selu at 0x7f362d382d40>,128,0.65,0.0001,200,"[5000, 2500, 1000]",<class 'torch.optim.adamw.AdamW'>,50,0,0.0001,0.4444444444444444,0.7839506172839507
405,<function selu at 0x7f362d382d40>,128,0.7,0.0001,200,"[5000, 2500, 1000]",<class 'torch.optim.adamw.AdamW'>,50,0,0.0,0.4444444444444444,0.7839506172839507
334,<function selu at 0x7f362d382d40>,128,0.65,0.001,150,"[5000, 2500, 1000]",<class 'torch.optim.rmsprop.RMSprop'>,50,0,0.0001,0.4418604651162791,0.7037037037037037
42,<function selu at 0x7f362d382d40>,256,0.65,0.001,150,"[5000, 2500, 1000, 250]",<class 'torch.optim.rmsprop.RMSprop'>,50,0,0.0001,0.4411764705882353,0.7654320987654321
14,<function selu at 0x7f362d382d40>,256,0.65,0.0001,150,"[5000, 2500, 1000]",<class 'torch.optim.rmsprop.RMSprop'>,50,0,0.0001,0.4406779661016949,0.7962962962962963
113,<function selu at 0x7f362d382d40>,256,0.7,0.0001,200,"[5000, 2500, 1000, 250]",<class 'torch.optim.adamw.AdamW'>,50,0,0.0,0.4406779661016949,0.7962962962962963
497,<function selu at 0x7f362d382d40>,128,0.75,0.0001,200,"[5000, 2500, 1000, 250]",<class 'torch.optim.adamw.AdamW'>,50,0,0.0,0.4406779661016949,0.7962962962962963
17,<function selu at 0x7f362d382d40>,256,0.65,0.0001,200,"[5000, 2500, 1000, 250]",<class 'torch.optim.adamw.AdamW'>,50,0,0.0,0.4406779661016949,0.7962962962962963
16,<function selu at 0x7f362d382d40>,256,0.65,0.0001,200,"[5000, 2500, 1000, 250]",<class 'torch.optim.adamw.AdamW'>,50,0,0.0001,0.4406779661016949,0.7962962962962963
112,<function selu at 0x7f362d382d40>,256,0.7,0.0001,200,"[5000, 2500, 1000, 250]",<class 'torch.optim.adamw.AdamW'>,50,0,0.0001,0.4406779661016949,0.7962962962962963
496,<function selu at 0x7f362d382d40>,128,0.75,0.0001,200,"[5000, 2500, 1000, 250]",<class 'torch.optim.adamw.AdamW'>,50,0,0.0001,0.4406779661016949,0.7962962962962963
9,<function selu at 0x7f362d382d40>,256,0.65,0.0001,150,"[5000, 2500, 1000, 250]",<class 'torch.optim.adamw.AdamW'>,50,0,0.0,0.4406779661016949,0.7962962962962963
8,<function selu at 0x7f362d382d40>,256,0.65,0.0001,150,"[5000, 2500, 1000, 250]",<class 'torch.optim.adamw.AdamW'>,50,0,0.0001,0.4406779661016949,0.7962962962962963
150,<function selu at 0x7f362d382d40>,256,0.7,0.001,200,"[5000, 2500, 1000]",<class 'torch.optim.rmsprop.RMSprop'>,50,0,0.0001,0.43902439024390244,0.7160493827160493
238,<function selu at 0x7f362d382d40>,256,0.75,0.001,150,"[5000, 2500, 1000]",<class 'torch.optim.rmsprop.RMSprop'>,50,0,0.0001,0.4383561643835616,0.7469135802469136
255,<function selu at 0x7f362d382d40>,256,0.75,0.001,250,"[5000, 2500, 1000]",<class 'torch.optim.rmsprop.RMSprop'>,50,0,0.0,0.4383561643835616,0.7469135802469136
396,<function selu at 0x7f362d382d40>,128,0.7,0.0001,150,"[5000, 2500, 1000]",<class 'torch.optim.adamw.AdamW'>,50,0,0.0001,0.4375,0.7777777777777778
146,<function selu at 0x7f362d382d40>,256,0.7,0.001,200,"[5000, 2500, 1000, 250]",<class 'torch.optim.rmsprop.RMSprop'>,50,0,0.0001,0.4375,0.7777777777777778
28,<function selu at 0x7f362d382d40>,256,0.65,0.0001,250,"[5000, 2500, 1000]",<class 'torch.optim.adamw.AdamW'>,50,0,0.0001,0.4375,0.7777777777777778
2,<function selu at 0x7f362d382d40>,256,0.65,0.0001,100,"[5000, 2500, 1000, 250]",<class 'torch.optim.rmsprop.RMSprop'>,50,0,0.0001,0.4375,0.7777777777777778
29,<function selu at 0x7f362d382d40>,256,0.65,0.0001,250,"[5000, 2500, 1000]",<class 'torch.optim.adamw.AdamW'>,50,0,0.0,0.4375,0.7777777777777778
3,<function selu at 0x7f362d382d40>,256,0.65,0.0001,100,"[5000, 2500, 1000, 250]",<class 'torch.optim.rmsprop.RMSprop'>,50,0,0.0,0.4375,0.7777777777777778
397,<function selu at 0x7f362d382d40>,128,0.7,0.0001,150,"[5000, 2500, 1000]",<class 'torch.optim.adamw.AdamW'>,50,0,0.0,0.4375,0.7777777777777778
98,<function selu at 0x7f362d382d40>,256,0.7,0.0001,100,"[5000, 2500, 1000, 250]",<class 'torch.optim.rmsprop.RMSprop'>,50,0,0.0001,0.4375,0.7777777777777778
106,<function selu at 0x7f362d382d40>,256,0.7,0.0001,150,"[5000, 2500, 1000, 250]",<class 'torch.optim.rmsprop.RMSprop'>,50,0,0.0001,0.4375,0.7777777777777778
107,<function selu at 0x7f362d382d40>,256,0.7,0.0001,150,"[5000, 2500, 1000, 250]",<class 'torch.optim.rmsprop.RMSprop'>,50,0,0.0,0.4375,0.7777777777777778
486,<function selu at 0x7f362d382d40>,128,0.75,0.0001,100,"[5000, 2500, 1000]",<class 'torch.optim.rmsprop.RMSprop'>,50,0,0.0001,0.4375,0.7777777777777778
545,<function selu at 0x7f362d382d40>,128,0.75,1e-05,100,"[5000, 2500, 1000, 250]",<class 'torch.optim.adamw.AdamW'>,50,0,0.0,0.4367816091954023,0.6975308641975309
258,<function selu at 0x7f362d382d40>,256,0.75,1e-05,100,"[5000, 2500, 1000, 250]",<class 'torch.optim.rmsprop.RMSprop'>,50,0,0.0001,0.4367816091954023,0.6975308641975309
81,<function selu at 0x7f362d382d40>,256,0.65,1e-05,200,"[5000, 2500, 1000, 250]",<class 'torch.optim.adamw.AdamW'>,50,0,0.0,0.4367816091954023,0.6975308641975309
185,<function selu at 0x7f362d382d40>,256,0.7,1e-05,250,"[5000, 2500, 1000, 250]",<class 'torch.optim.adamw.AdamW'>,50,0,0.0,0.4367816091954023,0.6975308641975309
184,<function selu at 0x7f362d382d40>,256,0.7,1e-05,250,"[5000, 2500, 1000, 250]",<class 'torch.optim.adamw.AdamW'>,50,0,0.0001,0.4367816091954023,0.6975308641975309
259,<function selu at 0x7f362d382d40>,256,0.75,1e-05,100,"[5000, 2500, 1000, 250]",<class 'torch.optim.rmsprop.RMSprop'>,50,0,0.0,0.4367816091954023,0.6975308641975309
80,<function selu at 0x7f362d382d40>,256,0.65,1e-05,200,"[5000, 2500, 1000, 250]",<class 'torch.optim.adamw.AdamW'>,50,0,0.0001,0.4367816091954023,0.6975308641975309
544,<function selu at 0x7f362d382d40>,128,0.75,1e-05,100,"[5000, 2500, 1000, 250]",<class 'torch.optim.adamw.AdamW'>,50,0,0.0001,0.4367816091954023,0.6975308641975309
535,<function selu at 0x7f362d382d40>,128,0.75,0.001,200,"[5000, 2500, 1000]",<class 'torch.optim.rmsprop.RMSprop'>,50,0,0.0,0.43636363636363634,0.808641975308642
212,<function selu at 0x7f362d382d40>,256,0.75,0.0001,200,"[5000, 2500, 1000]",<class 'torch.optim.adamw.AdamW'>,50,0,0.0001,0.43333333333333335,0.7901234567901234
213,<function selu at 0x7f362d382d40>,256,0.75,0.0001,200,"[5000, 2500, 1000]",<class 'torch.optim.adamw.AdamW'>,50,0,0.0,0.43333333333333335,0.7901234567901234
216,<function selu at 0x7f362d382d40>,256,0.75,0.0001,250,"[5000, 2500, 1000, 250]",<class 'torch.optim.adamw.AdamW'>,50,0,0.0001,0.43333333333333335,0.7901234567901234
217,<function selu at 0x7f362d382d40>,256,0.75,0.0001,250,"[5000, 2500, 1000, 250]",<class 'torch.optim.adamw.AdamW'>,50,0,0.0,0.43333333333333335,0.7901234567901234
293,<function selu at 0x7f362d382d40>,128,0.65,0.0001,100,"[5000, 2500, 1000]",<class 'torch.optim.adamw.AdamW'>,50,0,0.0,0.43333333333333335,0.7901234567901234
23,<function selu at 0x7f362d382d40>,256,0.65,0.0001,200,"[5000, 2500, 1000]",<class 'torch.optim.rmsprop.RMSprop'>,50,0,0.0,0.43333333333333335,0.7901234567901234
15,<function selu at 0x7f362d382d40>,256,0.65,0.0001,150,"[5000, 2500, 1000]",<class 'torch.optim.rmsprop.RMSprop'>,50,0,0.0,0.43333333333333335,0.7901234567901234
13,<function selu at 0x7f362d382d40>,256,0.65,0.0001,150,"[5000, 2500, 1000]",<class 'torch.optim.adamw.AdamW'>,50,0,0.0,0.43333333333333335,0.7901234567901234
22,<function selu at 0x7f362d382d40>,256,0.65,0.0001,200,"[5000, 2500, 1000]",<class 'torch.optim.rmsprop.RMSprop'>,50,0,0.0001,0.43333333333333335,0.7901234567901234
292,<function selu at 0x7f362d382d40>,128,0.65,0.0001,100,"[5000, 2500, 1000]",<class 'torch.optim.adamw.AdamW'>,50,0,0.0001,0.43333333333333335,0.7901234567901234
12,<function selu at 0x7f362d382d40>,256,0.65,0.0001,150,"[5000, 2500, 1000]",<class 'torch.optim.adamw.AdamW'>,50,0,0.0001,0.43333333333333335,0.7901234567901234
322,<function selu at 0x7f362d382d40>,128,0.65,0.001,100,"[5000, 2500, 1000, 250]",<class 'torch.optim.rmsprop.RMSprop'>,50,0,0.0001,0.43333333333333335,0.7901234567901234
139,<function selu at 0x7f362d382d40>,256,0.7,0.001,150,"[5000, 2500, 1000, 250]",<class 'torch.optim.rmsprop.RMSprop'>,50,0,0.0,0.43243243243243246,0.7407407407407407
10,<function selu at 0x7f362d382d40>,256,0.65,0.0001,150,"[5000, 2500, 1000, 250]",<class 'torch.optim.rmsprop.RMSprop'>,50,0,0.0001,0.4307692307692308,0.7716049382716049
215,<function selu at 0x7f362d382d40>,256,0.75,0.0001,200,"[5000, 2500, 1000]",<class 'torch.optim.rmsprop.RMSprop'>,50,0,0.0,0.4307692307692308,0.7716049382716049
202,<function selu at 0x7f362d382d40>,256,0.75,0.0001,150,"[5000, 2500, 1000, 250]",<class 'torch.optim.rmsprop.RMSprop'>,50,0,0.0001,0.4307692307692308,0.7716049382716049
99,<function selu at 0x7f362d382d40>,256,0.7,0.0001,100,"[5000, 2500, 1000, 250]",<class 'torch.optim.rmsprop.RMSprop'>,50,0,0.0,0.4307692307692308,0.7716049382716049
102,<function selu at 0x7f362d382d40>,256,0.7,0.0001,100,"[5000, 2500, 1000]",<class 'torch.optim.rmsprop.RMSprop'>,50,0,0.0001,0.4307692307692308,0.7716049382716049
214,<function selu at 0x7f362d382d40>,256,0.75,0.0001,200,"[5000, 2500, 1000]",<class 'torch.optim.rmsprop.RMSprop'>,50,0,0.0001,0.4307692307692308,0.7716049382716049
103,<function selu at 0x7f362d382d40>,256,0.7,0.0001,100,"[5000, 2500, 1000]",<class 'torch.optim.rmsprop.RMSprop'>,50,0,0.0,0.4307692307692308,0.7716049382716049
219,<function selu at 0x7f362d382d40>,256,0.75,0.0001,250,"[5000, 2500, 1000, 250]",<class 'torch.optim.rmsprop.RMSprop'>,50,0,0.0,0.4307692307692308,0.7716049382716049
11,<function selu at 0x7f362d382d40>,256,0.65,0.0001,150,"[5000, 2500, 1000, 250]",<class 'torch.optim.rmsprop.RMSprop'>,50,0,0.0,0.4307692307692308,0.7716049382716049
206,<function selu at 0x7f362d382d40>,256,0.75,0.0001,150,"[5000, 2500, 1000]",<class 'torch.optim.rmsprop.RMSprop'>,50,0,0.0001,0.4307692307692308,0.7716049382716049
222,<function selu at 0x7f362d382d40>,256,0.75,0.0001,250,"[5000, 2500, 1000]",<class 'torch.optim.rmsprop.RMSprop'>,50,0,0.0001,0.4307692307692308,0.7716049382716049
386,<function selu at 0x7f362d382d40>,128,0.7,0.0001,100,"[5000, 2500, 1000, 250]",<class 'torch.optim.rmsprop.RMSprop'>,50,0,0.0001,0.4307692307692308,0.7716049382716049
115,<function selu at 0x7f362d382d40>,256,0.7,0.0001,200,"[5000, 2500, 1000, 250]",<class 'torch.optim.rmsprop.RMSprop'>,50,0,0.0,0.4307692307692308,0.7716049382716049
207,<function selu at 0x7f362d382d40>,256,0.75,0.0001,150,"[5000, 2500, 1000]",<class 'torch.optim.rmsprop.RMSprop'>,50,0,0.0,0.4307692307692308,0.7716049382716049
114,<function selu at 0x7f362d382d40>,256,0.7,0.0001,200,"[5000, 2500, 1000, 250]",<class 'torch.optim.rmsprop.RMSprop'>,50,0,0.0001,0.4307692307692308,0.7716049382716049
387,<function selu at 0x7f362d382d40>,128,0.7,0.0001,100,"[5000, 2500, 1000, 250]",<class 'torch.optim.rmsprop.RMSprop'>,50,0,0.0,0.4307692307692308,0.7716049382716049
223,<function selu at 0x7f362d382d40>,256,0.75,0.0001,250,"[5000, 2500, 1000]",<class 'torch.optim.rmsprop.RMSprop'>,50,0,0.0,0.4307692307692308,0.7716049382716049
203,<function selu at 0x7f362d382d40>,256,0.75,0.0001,150,"[5000, 2500, 1000, 250]",<class 'torch.optim.rmsprop.RMSprop'>,50,0,0.0,0.4307692307692308,0.7716049382716049
155,<function selu at 0x7f362d382d40>,256,0.7,0.001,250,"[5000, 2500, 1000, 250]",<class 'torch.optim.rmsprop.RMSprop'>,50,0,0.0,0.4307692307692308,0.7716049382716049
195,<function selu at 0x7f362d382d40>,256,0.75,0.0001,100,"[5000, 2500, 1000, 250]",<class 'torch.optim.rmsprop.RMSprop'>,50,0,0.0,0.4307692307692308,0.7716049382716049
194,<function selu at 0x7f362d382d40>,256,0.75,0.0001,100,"[5000, 2500, 1000, 250]",<class 'torch.optim.rmsprop.RMSprop'>,50,0,0.0001,0.4307692307692308,0.7716049382716049
487,<function selu at 0x7f362d382d40>,128,0.75,0.0001,100,"[5000, 2500, 1000]",<class 'torch.optim.rmsprop.RMSprop'>,50,0,0.0,0.4307692307692308,0.7716049382716049
218,<function selu at 0x7f362d382d40>,256,0.75,0.0001,250,"[5000, 2500, 1000, 250]",<class 'torch.optim.rmsprop.RMSprop'>,50,0,0.0001,0.4307692307692308,0.7716049382716049
228,<function selu at 0x7f362d382d40>,256,0.75,0.001,100,"[5000, 2500, 1000]",<class 'torch.optim.adamw.AdamW'>,50,0,0.0001,0.42857142857142855,0.7530864197530864
134,<function selu at 0x7f362d382d40>,256,0.7,0.001,100,"[5000, 2500, 1000]",<class 'torch.optim.rmsprop.RMSprop'>,50,0,0.0001,0.42857142857142855,0.7037037037037037
229,<function selu at 0x7f362d382d40>,256,0.75,0.001,100,"[5000, 2500, 1000]",<class 'torch.optim.adamw.AdamW'>,50,0,0.0,0.42857142857142855,0.7530864197530864
65,<function selu at 0x7f362d382d40>,256,0.65,1e-05,100,"[5000, 2500, 1000, 250]",<class 'torch.optim.adamw.AdamW'>,50,0,0.0,0.42718446601941745,0.6358024691358025
64,<function selu at 0x7f362d382d40>,256,0.65,1e-05,100,"[5000, 2500, 1000, 250]",<class 'torch.optim.adamw.AdamW'>,50,0,0.0001,0.42718446601941745,0.6358024691358025
31,<function selu at 0x7f362d382d40>,256,0.65,0.0001,250,"[5000, 2500, 1000]",<class 'torch.optim.rmsprop.RMSprop'>,50,0,0.0,0.4262295081967213,0.7839506172839507
108,<function selu at 0x7f362d382d40>,256,0.7,0.0001,150,"[5000, 2500, 1000]",<class 'torch.optim.adamw.AdamW'>,50,0,0.0001,0.4262295081967213,0.7839506172839507
30,<function selu at 0x7f362d382d40>,256,0.65,0.0001,250,"[5000, 2500, 1000]",<class 'torch.optim.rmsprop.RMSprop'>,50,0,0.0001,0.4262295081967213,0.7839506172839507
331,<function selu at 0x7f362d382d40>,128,0.65,0.001,150,"[5000, 2500, 1000, 250]",<class 'torch.optim.rmsprop.RMSprop'>,50,0,0.0,0.4262295081967213,0.7839506172839507
484,<function selu at 0x7f362d382d40>,128,0.75,0.0001,100,"[5000, 2500, 1000]",<class 'torch.optim.adamw.AdamW'>,50,0,0.0001,0.4262295081967213,0.7839506172839507
485,<function selu at 0x7f362d382d40>,128,0.75,0.0001,100,"[5000, 2500, 1000]",<class 'torch.optim.adamw.AdamW'>,50,0,0.0,0.4262295081967213,0.7839506172839507
109,<function selu at 0x7f362d382d40>,256,0.7,0.0001,150,"[5000, 2500, 1000]",<class 'torch.optim.adamw.AdamW'>,50,0,0.0,0.4262295081967213,0.7839506172839507
388,<function selu at 0x7f362d382d40>,128,0.7,0.0001,100,"[5000, 2500, 1000]",<class 'torch.optim.adamw.AdamW'>,50,0,0.0001,0.4262295081967213,0.7839506172839507
389,<function selu at 0x7f362d382d40>,128,0.7,0.0001,100,"[5000, 2500, 1000]",<class 'torch.optim.adamw.AdamW'>,50,0,0.0,0.4262295081967213,0.7839506172839507
290,<function selu at 0x7f362d382d40>,128,0.65,0.0001,100,"[5000, 2500, 1000, 250]",<class 'torch.optim.rmsprop.RMSprop'>,50,0,0.0001,0.42424242424242425,0.7654320987654321
26,<function selu at 0x7f362d382d40>,256,0.65,0.0001,250,"[5000, 2500, 1000, 250]",<class 'torch.optim.rmsprop.RMSprop'>,50,0,0.0001,0.42424242424242425,0.7654320987654321
494,<function selu at 0x7f362d382d40>,128,0.75,0.0001,150,"[5000, 2500, 1000]",<class 'torch.optim.rmsprop.RMSprop'>,50,0,0.0001,0.42424242424242425,0.7654320987654321
491,<function selu at 0x7f362d382d40>,128,0.75,0.0001,150,"[5000, 2500, 1000, 250]",<class 'torch.optim.rmsprop.RMSprop'>,50,0,0.0,0.42424242424242425,0.7654320987654321
490,<function selu at 0x7f362d382d40>,128,0.75,0.0001,150,"[5000, 2500, 1000, 250]",<class 'torch.optim.rmsprop.RMSprop'>,50,0,0.0001,0.42424242424242425,0.7654320987654321
18,<function selu at 0x7f362d382d40>,256,0.65,0.0001,200,"[5000, 2500, 1000, 250]",<class 'torch.optim.rmsprop.RMSprop'>,50,0,0.0001,0.42424242424242425,0.7654320987654321
482,<function selu at 0x7f362d382d40>,128,0.75,0.0001,100,"[5000, 2500, 1000, 250]",<class 'torch.optim.rmsprop.RMSprop'>,50,0,0.0001,0.42424242424242425,0.7654320987654321
291,<function selu at 0x7f362d382d40>,128,0.65,0.0001,100,"[5000, 2500, 1000, 250]",<class 'torch.optim.rmsprop.RMSprop'>,50,0,0.0,0.42424242424242425,0.7654320987654321
19,<function selu at 0x7f362d382d40>,256,0.65,0.0001,200,"[5000, 2500, 1000, 250]",<class 'torch.optim.rmsprop.RMSprop'>,50,0,0.0,0.42424242424242425,0.7654320987654321
483,<function selu at 0x7f362d382d40>,128,0.75,0.0001,100,"[5000, 2500, 1000, 250]",<class 'torch.optim.rmsprop.RMSprop'>,50,0,0.0,0.42424242424242425,0.7654320987654321
264,<function selu at 0x7f362d382d40>,256,0.75,1e-05,150,"[5000, 2500, 1000, 250]",<class 'torch.optim.adamw.AdamW'>,50,0,0.0001,0.4230769230769231,0.6296296296296297
265,<function selu at 0x7f362d382d40>,256,0.75,1e-05,150,"[5000, 2500, 1000, 250]",<class 'torch.optim.adamw.AdamW'>,50,0,0.0,0.4230769230769231,0.6296296296296297
159,<function selu at 0x7f362d382d40>,256,0.7,0.001,250,"[5000, 2500, 1000]",<class 'torch.optim.rmsprop.RMSprop'>,50,0,0.0,0.4225352112676056,0.7469135802469136
72,<function selu at 0x7f362d382d40>,256,0.65,1e-05,150,"[5000, 2500, 1000, 250]",<class 'torch.optim.adamw.AdamW'>,50,0,0.0001,0.4222222222222222,0.6790123456790124
73,<function selu at 0x7f362d382d40>,256,0.65,1e-05,150,"[5000, 2500, 1000, 250]",<class 'torch.optim.adamw.AdamW'>,50,0,0.0,0.4222222222222222,0.6790123456790124
220,<function selu at 0x7f362d382d40>,256,0.75,0.0001,250,"[5000, 2500, 1000]",<class 'torch.optim.adamw.AdamW'>,50,0,0.0001,0.41935483870967744,0.7777777777777778
221,<function selu at 0x7f362d382d40>,256,0.75,0.0001,250,"[5000, 2500, 1000]",<class 'torch.optim.adamw.AdamW'>,50,0,0.0,0.41935483870967744,0.7777777777777778
116,<function selu at 0x7f362d382d40>,256,0.7,0.0001,200,"[5000, 2500, 1000]",<class 'torch.optim.adamw.AdamW'>,50,0,0.0001,0.41935483870967744,0.7777777777777778
118,<function selu at 0x7f362d382d40>,256,0.7,0.0001,200,"[5000, 2500, 1000]",<class 'torch.optim.rmsprop.RMSprop'>,50,0,0.0001,0.41935483870967744,0.7777777777777778
117,<function selu at 0x7f362d382d40>,256,0.7,0.0001,200,"[5000, 2500, 1000]",<class 'torch.optim.adamw.AdamW'>,50,0,0.0,0.41935483870967744,0.7777777777777778
21,<function selu at 0x7f362d382d40>,256,0.65,0.0001,200,"[5000, 2500, 1000]",<class 'torch.optim.adamw.AdamW'>,50,0,0.0,0.41935483870967744,0.7777777777777778
20,<function selu at 0x7f362d382d40>,256,0.65,0.0001,200,"[5000, 2500, 1000]",<class 'torch.optim.adamw.AdamW'>,50,0,0.0001,0.41935483870967744,0.7777777777777778
111,<function selu at 0x7f362d382d40>,256,0.7,0.0001,150,"[5000, 2500, 1000]",<class 'torch.optim.rmsprop.RMSprop'>,50,0,0.0,0.41935483870967744,0.7777777777777778
110,<function selu at 0x7f362d382d40>,256,0.7,0.0001,150,"[5000, 2500, 1000]",<class 'torch.optim.rmsprop.RMSprop'>,50,0,0.0001,0.41935483870967744,0.7777777777777778
301,<function selu at 0x7f362d382d40>,128,0.65,0.0001,150,"[5000, 2500, 1000]",<class 'torch.optim.adamw.AdamW'>,50,0,0.0,0.41935483870967744,0.7777777777777778
126,<function selu at 0x7f362d382d40>,256,0.7,0.0001,250,"[5000, 2500, 1000]",<class 'torch.optim.rmsprop.RMSprop'>,50,0,0.0001,0.41935483870967744,0.7777777777777778
300,<function selu at 0x7f362d382d40>,128,0.65,0.0001,150,"[5000, 2500, 1000]",<class 'torch.optim.adamw.AdamW'>,50,0,0.0001,0.41935483870967744,0.7777777777777778
210,<function selu at 0x7f362d382d40>,256,0.75,0.0001,200,"[5000, 2500, 1000, 250]",<class 'torch.optim.rmsprop.RMSprop'>,50,0,0.0001,0.417910447761194,0.7592592592592593
318,<function selu at 0x7f362d382d40>,128,0.65,0.0001,250,"[5000, 2500, 1000]",<class 'torch.optim.rmsprop.RMSprop'>,50,0,0.0001,0.417910447761194,0.7592592592592593
395,<function selu at 0x7f362d382d40>,128,0.7,0.0001,150,"[5000, 2500, 1000, 250]",<class 'torch.optim.rmsprop.RMSprop'>,50,0,0.0,0.417910447761194,0.7592592592592593
398,<function selu at 0x7f362d382d40>,128,0.7,0.0001,150,"[5000, 2500, 1000]",<class 'torch.optim.rmsprop.RMSprop'>,50,0,0.0001,0.417910447761194,0.7592592592592593
399,<function selu at 0x7f362d382d40>,128,0.7,0.0001,150,"[5000, 2500, 1000]",<class 'torch.optim.rmsprop.RMSprop'>,50,0,0.0,0.417910447761194,0.7592592592592593
402,<function selu at 0x7f362d382d40>,128,0.7,0.0001,200,"[5000, 2500, 1000, 250]",<class 'torch.optim.rmsprop.RMSprop'>,50,0,0.0001,0.417910447761194,0.7592592592592593
495,<function selu at 0x7f362d382d40>,128,0.75,0.0001,150,"[5000, 2500, 1000]",<class 'torch.optim.rmsprop.RMSprop'>,50,0,0.0,0.417910447761194,0.7592592592592593
302,<function selu at 0x7f362d382d40>,128,0.65,0.0001,150,"[5000, 2500, 1000]",<class 'torch.optim.rmsprop.RMSprop'>,50,0,0.0001,0.417910447761194,0.7592592592592593
403,<function selu at 0x7f362d382d40>,128,0.7,0.0001,200,"[5000, 2500, 1000, 250]",<class 'torch.optim.rmsprop.RMSprop'>,50,0,0.0,0.417910447761194,0.7592592592592593
390,<function selu at 0x7f362d382d40>,128,0.7,0.0001,100,"[5000, 2500, 1000]",<class 'torch.optim.rmsprop.RMSprop'>,50,0,0.0001,0.417910447761194,0.7592592592592593
27,<function selu at 0x7f362d382d40>,256,0.65,0.0001,250,"[5000, 2500, 1000, 250]",<class 'torch.optim.rmsprop.RMSprop'>,50,0,0.0,0.417910447761194,0.7592592592592593
391,<function selu at 0x7f362d382d40>,128,0.7,0.0001,100,"[5000, 2500, 1000]",<class 'torch.optim.rmsprop.RMSprop'>,50,0,0.0,0.417910447761194,0.7592592592592593
211,<function selu at 0x7f362d382d40>,256,0.75,0.0001,200,"[5000, 2500, 1000, 250]",<class 'torch.optim.rmsprop.RMSprop'>,50,0,0.0,0.417910447761194,0.7592592592592593
123,<function selu at 0x7f362d382d40>,256,0.7,0.0001,250,"[5000, 2500, 1000, 250]",<class 'torch.optim.rmsprop.RMSprop'>,50,0,0.0,0.417910447761194,0.7592592592592593
414,<function selu at 0x7f362d382d40>,128,0.7,0.0001,250,"[5000, 2500, 1000]",<class 'torch.optim.rmsprop.RMSprop'>,50,0,0.0001,0.417910447761194,0.7592592592592593
122,<function selu at 0x7f362d382d40>,256,0.7,0.0001,250,"[5000, 2500, 1000, 250]",<class 'torch.optim.rmsprop.RMSprop'>,50,0,0.0001,0.417910447761194,0.7592592592592593
303,<function selu at 0x7f362d382d40>,128,0.65,0.0001,150,"[5000, 2500, 1000]",<class 'torch.optim.rmsprop.RMSprop'>,50,0,0.0,0.417910447761194,0.7592592592592593
280,<function selu at 0x7f362d382d40>,256,0.75,1e-05,250,"[5000, 2500, 1000, 250]",<class 'torch.optim.adamw.AdamW'>,50,0,0.0001,0.4175824175824176,0.6728395061728395
281,<function selu at 0x7f362d382d40>,256,0.75,1e-05,250,"[5000, 2500, 1000, 250]",<class 'torch.optim.adamw.AdamW'>,50,0,0.0,0.4175824175824176,0.6728395061728395
176,<function selu at 0x7f362d382d40>,256,0.7,1e-05,200,"[5000, 2500, 1000, 250]",<class 'torch.optim.adamw.AdamW'>,50,0,0.0001,0.4175824175824176,0.6728395061728395
177,<function selu at 0x7f362d382d40>,256,0.7,1e-05,200,"[5000, 2500, 1000, 250]",<class 'torch.optim.adamw.AdamW'>,50,0,0.0,0.4175824175824176,0.6728395061728395
169,<function selu at 0x7f362d382d40>,256,0.7,1e-05,150,"[5000, 2500, 1000, 250]",<class 'torch.optim.adamw.AdamW'>,50,0,0.0,0.4166666666666667,0.654320987654321
168,<function selu at 0x7f362d382d40>,256,0.7,1e-05,150,"[5000, 2500, 1000, 250]",<class 'torch.optim.adamw.AdamW'>,50,0,0.0001,0.4166666666666667,0.654320987654321
151,<function selu at 0x7f362d382d40>,256,0.7,0.001,200,"[5000, 2500, 1000]",<class 'torch.optim.rmsprop.RMSprop'>,50,0,0.0,0.4155844155844156,0.7222222222222222
251,<function selu at 0x7f362d382d40>,256,0.75,0.001,250,"[5000, 2500, 1000, 250]",<class 'torch.optim.rmsprop.RMSprop'>,50,0,0.0,0.41379310344827586,0.7901234567901234
119,<function selu at 0x7f362d382d40>,256,0.7,0.0001,200,"[5000, 2500, 1000]",<class 'torch.optim.rmsprop.RMSprop'>,50,0,0.0,0.4126984126984127,0.7716049382716049
198,<function selu at 0x7f362d382d40>,256,0.75,0.0001,100,"[5000, 2500, 1000]",<class 'torch.optim.rmsprop.RMSprop'>,50,0,0.0001,0.4126984126984127,0.7716049382716049
243,<function selu at 0x7f362d382d40>,256,0.75,0.001,200,"[5000, 2500, 1000, 250]",<class 'torch.optim.rmsprop.RMSprop'>,50,0,0.0,0.4126984126984127,0.7716049382716049
199,<function selu at 0x7f362d382d40>,256,0.75,0.0001,100,"[5000, 2500, 1000]",<class 'torch.optim.rmsprop.RMSprop'>,50,0,0.0,0.4126984126984127,0.7716049382716049
272,<function selu at 0x7f362d382d40>,256,0.75,1e-05,200,"[5000, 2500, 1000, 250]",<class 'torch.optim.adamw.AdamW'>,50,0,0.0001,0.41237113402061853,0.6481481481481481
273,<function selu at 0x7f362d382d40>,256,0.75,1e-05,200,"[5000, 2500, 1000, 250]",<class 'torch.optim.adamw.AdamW'>,50,0,0.0,0.41237113402061853,0.6481481481481481
295,<function selu at 0x7f362d382d40>,128,0.65,0.0001,100,"[5000, 2500, 1000]",<class 'torch.optim.rmsprop.RMSprop'>,50,0,0.0,0.4117647058823529,0.7530864197530864
528,<function selu at 0x7f362d382d40>,128,0.75,0.001,200,"[5000, 2500, 1000, 250]",<class 'torch.optim.adamw.AdamW'>,50,0,0.0001,0.4117647058823529,0.7530864197530864
498,<function selu at 0x7f362d382d40>,128,0.75,0.0001,200,"[5000, 2500, 1000, 250]",<class 'torch.optim.rmsprop.RMSprop'>,50,0,0.0001,0.4117647058823529,0.7530864197530864
310,<function selu at 0x7f362d382d40>,128,0.65,0.0001,200,"[5000, 2500, 1000]",<class 'torch.optim.rmsprop.RMSprop'>,50,0,0.0001,0.4117647058823529,0.7530864197530864
406,<function selu at 0x7f362d382d40>,128,0.7,0.0001,200,"[5000, 2500, 1000]",<class 'torch.optim.rmsprop.RMSprop'>,50,0,0.0001,0.4117647058823529,0.7530864197530864
537,<function selu at 0x7f362d382d40>,128,0.75,0.001,250,"[5000, 2500, 1000, 250]",<class 'torch.optim.adamw.AdamW'>,50,0,0.0,0.4117647058823529,0.7530864197530864
411,<function selu at 0x7f362d382d40>,128,0.7,0.0001,250,"[5000, 2500, 1000, 250]",<class 'torch.optim.rmsprop.RMSprop'>,50,0,0.0,0.4117647058823529,0.7530864197530864
294,<function selu at 0x7f362d382d40>,128,0.65,0.0001,100,"[5000, 2500, 1000]",<class 'torch.optim.rmsprop.RMSprop'>,50,0,0.0001,0.4117647058823529,0.7530864197530864
407,<function selu at 0x7f362d382d40>,128,0.7,0.0001,200,"[5000, 2500, 1000]",<class 'torch.optim.rmsprop.RMSprop'>,50,0,0.0,0.4117647058823529,0.7530864197530864
394,<function selu at 0x7f362d382d40>,128,0.7,0.0001,150,"[5000, 2500, 1000, 250]",<class 'torch.optim.rmsprop.RMSprop'>,50,0,0.0001,0.4117647058823529,0.7530864197530864
503,<function selu at 0x7f362d382d40>,128,0.75,0.0001,200,"[5000, 2500, 1000]",<class 'torch.optim.rmsprop.RMSprop'>,50,0,0.0,0.4117647058823529,0.7530864197530864
502,<function selu at 0x7f362d382d40>,128,0.75,0.0001,200,"[5000, 2500, 1000]",<class 'torch.optim.rmsprop.RMSprop'>,50,0,0.0001,0.4117647058823529,0.7530864197530864
410,<function selu at 0x7f362d382d40>,128,0.7,0.0001,250,"[5000, 2500, 1000, 250]",<class 'torch.optim.rmsprop.RMSprop'>,50,0,0.0001,0.4117647058823529,0.7530864197530864
161,<function selu at 0x7f362d382d40>,256,0.7,1e-05,100,"[5000, 2500, 1000, 250]",<class 'torch.optim.adamw.AdamW'>,50,0,0.0,0.411214953271028,0.6111111111111112
160,<function selu at 0x7f362d382d40>,256,0.7,1e-05,100,"[5000, 2500, 1000, 250]",<class 'torch.optim.adamw.AdamW'>,50,0,0.0001,0.411214953271028,0.6111111111111112
435,<function selu at 0x7f362d382d40>,128,0.7,0.001,200,"[5000, 2500, 1000, 250]",<class 'torch.optim.rmsprop.RMSprop'>,50,0,0.0,0.4067796610169492,0.7839506172839507
338,<function selu at 0x7f362d382d40>,128,0.65,0.001,200,"[5000, 2500, 1000, 250]",<class 'torch.optim.rmsprop.RMSprop'>,50,0,0.0001,0.4067796610169492,0.7839506172839507
234,<function selu at 0x7f362d382d40>,256,0.75,0.001,150,"[5000, 2500, 1000, 250]",<class 'torch.optim.rmsprop.RMSprop'>,50,0,0.0001,0.4067796610169492,0.7839506172839507
506,<function selu at 0x7f362d382d40>,128,0.75,0.0001,250,"[5000, 2500, 1000, 250]",<class 'torch.optim.rmsprop.RMSprop'>,50,0,0.0001,0.4057971014492754,0.7469135802469136
510,<function selu at 0x7f362d382d40>,128,0.75,0.0001,250,"[5000, 2500, 1000]",<class 'torch.optim.rmsprop.RMSprop'>,50,0,0.0001,0.4057971014492754,0.7469135802469136
511,<function selu at 0x7f362d382d40>,128,0.75,0.0001,250,"[5000, 2500, 1000]",<class 'torch.optim.rmsprop.RMSprop'>,50,0,0.0,0.4057971014492754,0.7469135802469136
319,<function selu at 0x7f362d382d40>,128,0.65,0.0001,250,"[5000, 2500, 1000]",<class 'torch.optim.rmsprop.RMSprop'>,50,0,0.0,0.4057971014492754,0.7469135802469136
311,<function selu at 0x7f362d382d40>,128,0.65,0.0001,200,"[5000, 2500, 1000]",<class 'torch.optim.rmsprop.RMSprop'>,50,0,0.0,0.4057971014492754,0.7469135802469136
298,<function selu at 0x7f362d382d40>,128,0.65,0.0001,150,"[5000, 2500, 1000, 250]",<class 'torch.optim.rmsprop.RMSprop'>,50,0,0.0001,0.4057971014492754,0.7469135802469136
299,<function selu at 0x7f362d382d40>,128,0.65,0.0001,150,"[5000, 2500, 1000, 250]",<class 'torch.optim.rmsprop.RMSprop'>,50,0,0.0,0.4057971014492754,0.7469135802469136
415,<function selu at 0x7f362d382d40>,128,0.7,0.0001,250,"[5000, 2500, 1000]",<class 'torch.optim.rmsprop.RMSprop'>,50,0,0.0,0.4057971014492754,0.7469135802469136
529,<function selu at 0x7f362d382d40>,128,0.75,0.001,200,"[5000, 2500, 1000, 250]",<class 'torch.optim.adamw.AdamW'>,50,0,0.0,0.4057971014492754,0.7469135802469136
256,<function selu at 0x7f362d382d40>,256,0.75,1e-05,100,"[5000, 2500, 1000, 250]",<class 'torch.optim.adamw.AdamW'>,50,0,0.0001,0.4036697247706422,0.5987654320987654
257,<function selu at 0x7f362d382d40>,256,0.75,1e-05,100,"[5000, 2500, 1000, 250]",<class 'torch.optim.adamw.AdamW'>,50,0,0.0,0.4036697247706422,0.5987654320987654
253,<function selu at 0x7f362d382d40>,256,0.75,0.001,250,"[5000, 2500, 1000]",<class 'torch.optim.adamw.AdamW'>,50,0,0.0,0.4,0.7222222222222222
252,<function selu at 0x7f362d382d40>,256,0.75,0.001,250,"[5000, 2500, 1000]",<class 'torch.optim.adamw.AdamW'>,50,0,0.0001,0.4,0.7222222222222222
507,<function selu at 0x7f362d382d40>,128,0.75,0.0001,250,"[5000, 2500, 1000, 250]",<class 'torch.optim.rmsprop.RMSprop'>,50,0,0.0,0.4,0.7407407407407407
250,<function selu at 0x7f362d382d40>,256,0.75,0.001,250,"[5000, 2500, 1000, 250]",<class 'torch.optim.rmsprop.RMSprop'>,50,0,0.0001,0.4,0.7962962962962963
44,<function selu at 0x7f362d382d40>,256,0.65,0.001,150,"[5000, 2500, 1000]",<class 'torch.optim.adamw.AdamW'>,50,0,0.0001,0.4,0.7222222222222222
499,<function selu at 0x7f362d382d40>,128,0.75,0.0001,200,"[5000, 2500, 1000, 250]",<class 'torch.optim.rmsprop.RMSprop'>,50,0,0.0,0.4,0.7407407407407407
37,<function selu at 0x7f362d382d40>,256,0.65,0.001,100,"[5000, 2500, 1000]",<class 'torch.optim.adamw.AdamW'>,50,0,0.0,0.4,0.7222222222222222
36,<function selu at 0x7f362d382d40>,256,0.65,0.001,100,"[5000, 2500, 1000]",<class 'torch.optim.adamw.AdamW'>,50,0,0.0001,0.4,0.7222222222222222
536,<function selu at 0x7f362d382d40>,128,0.75,0.001,250,"[5000, 2500, 1000, 250]",<class 'torch.optim.adamw.AdamW'>,50,0,0.0001,0.4,0.7407407407407407
45,<function selu at 0x7f362d382d40>,256,0.65,0.001,150,"[5000, 2500, 1000]",<class 'torch.optim.adamw.AdamW'>,50,0,0.0,0.4,0.7222222222222222
237,<function selu at 0x7f362d382d40>,256,0.75,0.001,150,"[5000, 2500, 1000]",<class 'torch.optim.adamw.AdamW'>,50,0,0.0,0.39473684210526316,0.7160493827160493
132,<function selu at 0x7f362d382d40>,256,0.7,0.001,100,"[5000, 2500, 1000]",<class 'torch.optim.adamw.AdamW'>,50,0,0.0001,0.39473684210526316,0.7160493827160493
133,<function selu at 0x7f362d382d40>,256,0.7,0.001,100,"[5000, 2500, 1000]",<class 'torch.optim.adamw.AdamW'>,50,0,0.0,0.39473684210526316,0.7160493827160493
236,<function selu at 0x7f362d382d40>,256,0.75,0.001,150,"[5000, 2500, 1000]",<class 'torch.optim.adamw.AdamW'>,50,0,0.0001,0.39473684210526316,0.7160493827160493
440,<function selu at 0x7f362d382d40>,128,0.7,0.001,250,"[5000, 2500, 1000, 250]",<class 'torch.optim.adamw.AdamW'>,50,0,0.0001,0.39436619718309857,0.7345679012345679
433,<function selu at 0x7f362d382d40>,128,0.7,0.001,200,"[5000, 2500, 1000, 250]",<class 'torch.optim.adamw.AdamW'>,50,0,0.0,0.39436619718309857,0.7345679012345679
432,<function selu at 0x7f362d382d40>,128,0.7,0.001,200,"[5000, 2500, 1000, 250]",<class 'torch.optim.adamw.AdamW'>,50,0,0.0001,0.39436619718309857,0.7345679012345679
157,<function selu at 0x7f362d382d40>,256,0.7,0.001,250,"[5000, 2500, 1000]",<class 'torch.optim.adamw.AdamW'>,50,0,0.0,0.39436619718309857,0.7345679012345679
315,<function selu at 0x7f362d382d40>,128,0.65,0.0001,250,"[5000, 2500, 1000, 250]",<class 'torch.optim.rmsprop.RMSprop'>,50,0,0.0,0.39436619718309857,0.7345679012345679
314,<function selu at 0x7f362d382d40>,128,0.65,0.0001,250,"[5000, 2500, 1000, 250]",<class 'torch.optim.rmsprop.RMSprop'>,50,0,0.0001,0.39436619718309857,0.7345679012345679
156,<function selu at 0x7f362d382d40>,256,0.7,0.001,250,"[5000, 2500, 1000]",<class 'torch.optim.adamw.AdamW'>,50,0,0.0001,0.39436619718309857,0.7345679012345679
307,<function selu at 0x7f362d382d40>,128,0.65,0.0001,200,"[5000, 2500, 1000, 250]",<class 'torch.optim.rmsprop.RMSprop'>,50,0,0.0,0.39436619718309857,0.7345679012345679
306,<function selu at 0x7f362d382d40>,128,0.65,0.0001,200,"[5000, 2500, 1000, 250]",<class 'torch.optim.rmsprop.RMSprop'>,50,0,0.0001,0.39436619718309857,0.7345679012345679
427,<function selu at 0x7f362d382d40>,128,0.7,0.001,150,"[5000, 2500, 1000, 250]",<class 'torch.optim.rmsprop.RMSprop'>,50,0,0.0,0.39344262295081966,0.7716049382716049
61,<function selu at 0x7f362d382d40>,256,0.65,0.001,250,"[5000, 2500, 1000]",<class 'torch.optim.adamw.AdamW'>,50,0,0.0,0.38961038961038963,0.7098765432098766
244,<function selu at 0x7f362d382d40>,256,0.75,0.001,200,"[5000, 2500, 1000]",<class 'torch.optim.adamw.AdamW'>,50,0,0.0001,0.38961038961038963,0.7098765432098766
245,<function selu at 0x7f362d382d40>,256,0.75,0.001,200,"[5000, 2500, 1000]",<class 'torch.optim.adamw.AdamW'>,50,0,0.0,0.38961038961038963,0.7098765432098766
60,<function selu at 0x7f362d382d40>,256,0.65,0.001,250,"[5000, 2500, 1000]",<class 'torch.optim.adamw.AdamW'>,50,0,0.0001,0.38961038961038963,0.7098765432098766
417,<function selu at 0x7f362d382d40>,128,0.7,0.001,100,"[5000, 2500, 1000, 250]",<class 'torch.optim.adamw.AdamW'>,50,0,0.0,0.3888888888888889,0.7283950617283951
416,<function selu at 0x7f362d382d40>,128,0.7,0.001,100,"[5000, 2500, 1000, 250]",<class 'torch.optim.adamw.AdamW'>,50,0,0.0001,0.3888888888888889,0.7283950617283951
337,<function selu at 0x7f362d382d40>,128,0.65,0.001,200,"[5000, 2500, 1000, 250]",<class 'torch.optim.adamw.AdamW'>,50,0,0.0,0.3888888888888889,0.7283950617283951
336,<function selu at 0x7f362d382d40>,128,0.65,0.001,200,"[5000, 2500, 1000, 250]",<class 'torch.optim.adamw.AdamW'>,50,0,0.0001,0.3888888888888889,0.7283950617283951
441,<function selu at 0x7f362d382d40>,128,0.7,0.001,250,"[5000, 2500, 1000, 250]",<class 'torch.optim.adamw.AdamW'>,50,0,0.0,0.3888888888888889,0.7283950617283951
235,<function selu at 0x7f362d382d40>,256,0.75,0.001,150,"[5000, 2500, 1000, 250]",<class 'torch.optim.rmsprop.RMSprop'>,50,0,0.0,0.38596491228070173,0.7839506172839507
153,<function selu at 0x7f362d382d40>,256,0.7,0.001,250,"[5000, 2500, 1000, 250]",<class 'torch.optim.adamw.AdamW'>,50,0,0.0,0.38461538461538464,0.7037037037037037
152,<function selu at 0x7f362d382d40>,256,0.7,0.001,250,"[5000, 2500, 1000, 250]",<class 'torch.optim.adamw.AdamW'>,50,0,0.0001,0.38461538461538464,0.7037037037037037
341,<function selu at 0x7f362d382d40>,128,0.65,0.001,200,"[5000, 2500, 1000]",<class 'torch.optim.adamw.AdamW'>,50,0,0.0,0.38461538461538464,0.7037037037037037
340,<function selu at 0x7f362d382d40>,128,0.65,0.001,200,"[5000, 2500, 1000]",<class 'torch.optim.adamw.AdamW'>,50,0,0.0001,0.38461538461538464,0.7037037037037037
141,<function selu at 0x7f362d382d40>,256,0.7,0.001,150,"[5000, 2500, 1000]",<class 'torch.optim.adamw.AdamW'>,50,0,0.0,0.3835616438356164,0.7222222222222222
521,<function selu at 0x7f362d382d40>,128,0.75,0.001,150,"[5000, 2500, 1000, 250]",<class 'torch.optim.adamw.AdamW'>,50,0,0.0,0.3835616438356164,0.7222222222222222
140,<function selu at 0x7f362d382d40>,256,0.7,0.001,150,"[5000, 2500, 1000]",<class 'torch.optim.adamw.AdamW'>,50,0,0.0001,0.3835616438356164,0.7222222222222222
225,<function selu at 0x7f362d382d40>,256,0.75,0.001,100,"[5000, 2500, 1000, 250]",<class 'torch.optim.adamw.AdamW'>,50,0,0.0,0.3835616438356164,0.7222222222222222
345,<function selu at 0x7f362d382d40>,128,0.65,0.001,250,"[5000, 2500, 1000, 250]",<class 'torch.optim.adamw.AdamW'>,50,0,0.0,0.3835616438356164,0.7222222222222222
344,<function selu at 0x7f362d382d40>,128,0.65,0.001,250,"[5000, 2500, 1000, 250]",<class 'torch.optim.adamw.AdamW'>,50,0,0.0001,0.3835616438356164,0.7222222222222222
424,<function selu at 0x7f362d382d40>,128,0.7,0.001,150,"[5000, 2500, 1000, 250]",<class 'torch.optim.adamw.AdamW'>,50,0,0.0001,0.3835616438356164,0.7222222222222222
516,<function selu at 0x7f362d382d40>,128,0.75,0.001,100,"[5000, 2500, 1000]",<class 'torch.optim.adamw.AdamW'>,50,0,0.0001,0.3835616438356164,0.7222222222222222
517,<function selu at 0x7f362d382d40>,128,0.75,0.001,100,"[5000, 2500, 1000]",<class 'torch.optim.adamw.AdamW'>,50,0,0.0,0.3835616438356164,0.7222222222222222
425,<function selu at 0x7f362d382d40>,128,0.7,0.001,150,"[5000, 2500, 1000, 250]",<class 'torch.optim.adamw.AdamW'>,50,0,0.0,0.3835616438356164,0.7222222222222222
520,<function selu at 0x7f362d382d40>,128,0.75,0.001,150,"[5000, 2500, 1000, 250]",<class 'torch.optim.adamw.AdamW'>,50,0,0.0001,0.3835616438356164,0.7222222222222222
330,<function selu at 0x7f362d382d40>,128,0.65,0.001,150,"[5000, 2500, 1000, 250]",<class 'torch.optim.rmsprop.RMSprop'>,50,0,0.0001,0.38095238095238093,0.7592592592592593
429,<function selu at 0x7f362d382d40>,128,0.7,0.001,150,"[5000, 2500, 1000]",<class 'torch.optim.adamw.AdamW'>,50,0,0.0,0.379746835443038,0.6975308641975309
349,<function selu at 0x7f362d382d40>,128,0.65,0.001,250,"[5000, 2500, 1000]",<class 'torch.optim.adamw.AdamW'>,50,0,0.0,0.379746835443038,0.6975308641975309
436,<function selu at 0x7f362d382d40>,128,0.7,0.001,200,"[5000, 2500, 1000]",<class 'torch.optim.adamw.AdamW'>,50,0,0.0001,0.379746835443038,0.6975308641975309
348,<function selu at 0x7f362d382d40>,128,0.65,0.001,250,"[5000, 2500, 1000]",<class 'torch.optim.adamw.AdamW'>,50,0,0.0001,0.379746835443038,0.6975308641975309
52,<function selu at 0x7f362d382d40>,256,0.65,0.001,200,"[5000, 2500, 1000]",<class 'torch.optim.adamw.AdamW'>,50,0,0.0001,0.379746835443038,0.6975308641975309
437,<function selu at 0x7f362d382d40>,128,0.7,0.001,200,"[5000, 2500, 1000]",<class 'torch.optim.adamw.AdamW'>,50,0,0.0,0.379746835443038,0.6975308641975309
53,<function selu at 0x7f362d382d40>,256,0.65,0.001,200,"[5000, 2500, 1000]",<class 'torch.optim.adamw.AdamW'>,50,0,0.0,0.379746835443038,0.6975308641975309
428,<function selu at 0x7f362d382d40>,128,0.7,0.001,150,"[5000, 2500, 1000]",<class 'torch.optim.adamw.AdamW'>,50,0,0.0001,0.379746835443038,0.6975308641975309
533,<function selu at 0x7f362d382d40>,128,0.75,0.001,200,"[5000, 2500, 1000]",<class 'torch.optim.adamw.AdamW'>,50,0,0.0,0.3783783783783784,0.7160493827160493
540,<function selu at 0x7f362d382d40>,128,0.75,0.001,250,"[5000, 2500, 1000]",<class 'torch.optim.adamw.AdamW'>,50,0,0.0001,0.3783783783783784,0.7160493827160493
149,<function selu at 0x7f362d382d40>,256,0.7,0.001,200,"[5000, 2500, 1000]",<class 'torch.optim.adamw.AdamW'>,50,0,0.0,0.3783783783783784,0.7160493827160493
541,<function selu at 0x7f362d382d40>,128,0.75,0.001,250,"[5000, 2500, 1000]",<class 'torch.optim.adamw.AdamW'>,50,0,0.0,0.3783783783783784,0.7160493827160493
532,<function selu at 0x7f362d382d40>,128,0.75,0.001,200,"[5000, 2500, 1000]",<class 'torch.optim.adamw.AdamW'>,50,0,0.0001,0.3783783783783784,0.7160493827160493
325,<function selu at 0x7f362d382d40>,128,0.65,0.001,100,"[5000, 2500, 1000]",<class 'torch.optim.adamw.AdamW'>,50,0,0.0,0.3783783783783784,0.7160493827160493
324,<function selu at 0x7f362d382d40>,128,0.65,0.001,100,"[5000, 2500, 1000]",<class 'torch.optim.adamw.AdamW'>,50,0,0.0001,0.3783783783783784,0.7160493827160493
148,<function selu at 0x7f362d382d40>,256,0.7,0.001,200,"[5000, 2500, 1000]",<class 'torch.optim.adamw.AdamW'>,50,0,0.0001,0.3783783783783784,0.7160493827160493
513,<function selu at 0x7f362d382d40>,128,0.75,0.001,100,"[5000, 2500, 1000, 250]",<class 'torch.optim.adamw.AdamW'>,50,0,0.0,0.3783783783783784,0.7160493827160493
224,<function selu at 0x7f362d382d40>,256,0.75,0.001,100,"[5000, 2500, 1000, 250]",<class 'torch.optim.adamw.AdamW'>,50,0,0.0001,0.3783783783783784,0.7160493827160493
328,<function selu at 0x7f362d382d40>,128,0.65,0.001,150,"[5000, 2500, 1000, 250]",<class 'torch.optim.adamw.AdamW'>,50,0,0.0001,0.375,0.691358024691358
320,<function selu at 0x7f362d382d40>,128,0.65,0.001,100,"[5000, 2500, 1000, 250]",<class 'torch.optim.adamw.AdamW'>,50,0,0.0001,0.375,0.691358024691358
329,<function selu at 0x7f362d382d40>,128,0.65,0.001,150,"[5000, 2500, 1000, 250]",<class 'torch.optim.adamw.AdamW'>,50,0,0.0,0.375,0.691358024691358
321,<function selu at 0x7f362d382d40>,128,0.65,0.001,100,"[5000, 2500, 1000, 250]",<class 'torch.optim.adamw.AdamW'>,50,0,0.0,0.375,0.691358024691358
445,<function selu at 0x7f362d382d40>,128,0.7,0.001,250,"[5000, 2500, 1000]",<class 'torch.optim.adamw.AdamW'>,50,0,0.0,0.375,0.691358024691358
444,<function selu at 0x7f362d382d40>,128,0.7,0.001,250,"[5000, 2500, 1000]",<class 'torch.optim.adamw.AdamW'>,50,0,0.0001,0.375,0.691358024691358
524,<function selu at 0x7f362d382d40>,128,0.75,0.001,150,"[5000, 2500, 1000]",<class 'torch.optim.adamw.AdamW'>,50,0,0.0001,0.37333333333333335,0.7098765432098766
525,<function selu at 0x7f362d382d40>,128,0.75,0.001,150,"[5000, 2500, 1000]",<class 'torch.optim.adamw.AdamW'>,50,0,0.0,0.37333333333333335,0.7098765432098766
512,<function selu at 0x7f362d382d40>,128,0.75,0.001,100,"[5000, 2500, 1000, 250]",<class 'torch.optim.adamw.AdamW'>,50,0,0.0001,0.37333333333333335,0.7098765432098766
420,<function selu at 0x7f362d382d40>,128,0.7,0.001,100,"[5000, 2500, 1000]",<class 'torch.optim.adamw.AdamW'>,50,0,0.0001,0.37333333333333335,0.7098765432098766
421,<function selu at 0x7f362d382d40>,128,0.7,0.001,100,"[5000, 2500, 1000]",<class 'torch.optim.adamw.AdamW'>,50,0,0.0,0.37333333333333335,0.7098765432098766
57,<function selu at 0x7f362d382d40>,256,0.65,0.001,250,"[5000, 2500, 1000, 250]",<class 'torch.optim.adamw.AdamW'>,50,0,0.0,0.37037037037037035,0.6851851851851852
419,<function selu at 0x7f362d382d40>,128,0.7,0.001,100,"[5000, 2500, 1000, 250]",<class 'torch.optim.rmsprop.RMSprop'>,50,0,0.0,0.37037037037037035,0.7901234567901234
418,<function selu at 0x7f362d382d40>,128,0.7,0.001,100,"[5000, 2500, 1000, 250]",<class 'torch.optim.rmsprop.RMSprop'>,50,0,0.0001,0.36923076923076925,0.7469135802469136
226,<function selu at 0x7f362d382d40>,256,0.75,0.001,100,"[5000, 2500, 1000, 250]",<class 'torch.optim.rmsprop.RMSprop'>,50,0,0.0001,0.36923076923076925,0.7469135802469136
332,<function selu at 0x7f362d382d40>,128,0.65,0.001,150,"[5000, 2500, 1000]",<class 'torch.optim.adamw.AdamW'>,50,0,0.0001,0.3684210526315789,0.7037037037037037
333,<function selu at 0x7f362d382d40>,128,0.65,0.001,150,"[5000, 2500, 1000]",<class 'torch.optim.adamw.AdamW'>,50,0,0.0,0.3684210526315789,0.7037037037037037
145,<function selu at 0x7f362d382d40>,256,0.7,0.001,200,"[5000, 2500, 1000, 250]",<class 'torch.optim.adamw.AdamW'>,50,0,0.0,0.36585365853658536,0.6790123456790124
48,<function selu at 0x7f362d382d40>,256,0.65,0.001,200,"[5000, 2500, 1000, 250]",<class 'torch.optim.adamw.AdamW'>,50,0,0.0001,0.36585365853658536,0.6790123456790124
49,<function selu at 0x7f362d382d40>,256,0.65,0.001,200,"[5000, 2500, 1000, 250]",<class 'torch.optim.adamw.AdamW'>,50,0,0.0,0.36585365853658536,0.6790123456790124
144,<function selu at 0x7f362d382d40>,256,0.7,0.001,200,"[5000, 2500, 1000, 250]",<class 'torch.optim.adamw.AdamW'>,50,0,0.0001,0.36585365853658536,0.6790123456790124
240,<function selu at 0x7f362d382d40>,256,0.75,0.001,200,"[5000, 2500, 1000, 250]",<class 'torch.optim.adamw.AdamW'>,50,0,0.0001,0.36363636363636365,0.6975308641975309
232,<function selu at 0x7f362d382d40>,256,0.75,0.001,150,"[5000, 2500, 1000, 250]",<class 'torch.optim.adamw.AdamW'>,50,0,0.0001,0.36363636363636365,0.6975308641975309
32,<function selu at 0x7f362d382d40>,256,0.65,0.001,100,"[5000, 2500, 1000, 250]",<class 'torch.optim.adamw.AdamW'>,50,0,0.0001,0.36363636363636365,0.6975308641975309
233,<function selu at 0x7f362d382d40>,256,0.75,0.001,150,"[5000, 2500, 1000, 250]",<class 'torch.optim.adamw.AdamW'>,50,0,0.0,0.36363636363636365,0.6975308641975309
241,<function selu at 0x7f362d382d40>,256,0.75,0.001,200,"[5000, 2500, 1000, 250]",<class 'torch.optim.adamw.AdamW'>,50,0,0.0,0.36363636363636365,0.6975308641975309
33,<function selu at 0x7f362d382d40>,256,0.65,0.001,100,"[5000, 2500, 1000, 250]",<class 'torch.optim.adamw.AdamW'>,50,0,0.0,0.36363636363636365,0.6975308641975309
56,<function selu at 0x7f362d382d40>,256,0.65,0.001,250,"[5000, 2500, 1000, 250]",<class 'torch.optim.adamw.AdamW'>,50,0,0.0001,0.3614457831325301,0.6728395061728395
129,<function selu at 0x7f362d382d40>,256,0.7,0.001,100,"[5000, 2500, 1000, 250]",<class 'torch.optim.adamw.AdamW'>,50,0,0.0,0.358974358974359,0.691358024691358
128,<function selu at 0x7f362d382d40>,256,0.7,0.001,100,"[5000, 2500, 1000, 250]",<class 'torch.optim.adamw.AdamW'>,50,0,0.0001,0.358974358974359,0.691358024691358
249,<function selu at 0x7f362d382d40>,256,0.75,0.001,250,"[5000, 2500, 1000, 250]",<class 'torch.optim.adamw.AdamW'>,50,0,0.0,0.35443037974683544,0.6851851851851852
248,<function selu at 0x7f362d382d40>,256,0.75,0.001,250,"[5000, 2500, 1000, 250]",<class 'torch.optim.adamw.AdamW'>,50,0,0.0001,0.35443037974683544,0.6851851851851852
137,<function selu at 0x7f362d382d40>,256,0.7,0.001,150,"[5000, 2500, 1000, 250]",<class 'torch.optim.adamw.AdamW'>,50,0,0.0,0.345679012345679,0.6728395061728395
41,<function selu at 0x7f362d382d40>,256,0.65,0.001,150,"[5000, 2500, 1000, 250]",<class 'torch.optim.adamw.AdamW'>,50,0,0.0,0.345679012345679,0.6728395061728395
136,<function selu at 0x7f362d382d40>,256,0.7,0.001,150,"[5000, 2500, 1000, 250]",<class 'torch.optim.adamw.AdamW'>,50,0,0.0001,0.345679012345679,0.6728395061728395
40,<function selu at 0x7f362d382d40>,256,0.65,0.001,150,"[5000, 2500, 1000, 250]",<class 'torch.optim.adamw.AdamW'>,50,0,0.0001,0.34146341463414637,0.6666666666666666
