QSPRID	pchembl_value_Mean_Label	pchembl_value_Mean_Prediction	pchembl_value_Mean_ProbabilityClass_0	pchembl_value_Mean_ProbabilityClass_1	Fold
MonitoringTutorialDataset_0221	True	0	0.68326	0.31674	0.0
MonitoringTutorialDataset_2459	False	1	0.11284	0.88716	0.0
MonitoringTutorialDataset_1315	False	0	0.67341	0.32659	0.0
MonitoringTutorialDataset_1017	False	0	0.9789	0.0211	0.0
MonitoringTutorialDataset_1744	False	1	0.00115	0.99885	0.0
MonitoringTutorialDataset_4018	True	1	0.00353	0.99647	0.0
MonitoringTutorialDataset_2876	True	0	0.79571	0.20429	0.0
MonitoringTutorialDataset_2453	False	0	0.73467	0.26533	0.0
MonitoringTutorialDataset_2517	True	1	0.00055	0.99945	0.0
MonitoringTutorialDataset_3382	True	1	0.15561	0.84439	0.0
MonitoringTutorialDataset_3260	False	0	0.99642	0.00358	0.0
MonitoringTutorialDataset_3509	True	1	0.00422	0.99578	0.0
MonitoringTutorialDataset_3675	True	1	0.0073	0.9927	0.0
MonitoringTutorialDataset_1650	True	1	0.49763	0.50237	0.0
MonitoringTutorialDataset_1988	True	1	0.00849	0.99151	0.0
MonitoringTutorialDataset_2996	True	0	0.96531	0.03469	0.0
MonitoringTutorialDataset_0283	True	1	0.00176	0.99824	0.0
MonitoringTutorialDataset_0274	False	1	0.0055	0.9945	0.0
MonitoringTutorialDataset_0621	True	1	0.3902	0.6098	0.0
MonitoringTutorialDataset_1511	True	1	0.01866	0.98134	0.0
MonitoringTutorialDataset_0423	True	1	0.00024	0.99976	0.0
MonitoringTutorialDataset_2348	False	0	0.89191	0.10809	0.0
MonitoringTutorialDataset_1340	True	0	0.98339	0.01661	0.0
MonitoringTutorialDataset_1171	False	0	0.98053	0.01947	0.0
MonitoringTutorialDataset_2937	False	0	0.9775	0.0225	0.0
MonitoringTutorialDataset_0500	True	1	0.0003	0.9997	0.0
MonitoringTutorialDataset_1871	True	0	0.6965	0.3035	0.0
MonitoringTutorialDataset_3787	False	1	0.28517	0.71483	0.0
MonitoringTutorialDataset_0549	True	1	0.006	0.994	0.0
MonitoringTutorialDataset_0218	False	1	0.12459	0.87542	0.0
MonitoringTutorialDataset_0964	False	1	0.11473	0.88527	0.0
MonitoringTutorialDataset_3604	True	1	0.00013	0.99987	0.0
MonitoringTutorialDataset_2748	True	1	0.00342	0.99658	0.0
MonitoringTutorialDataset_1940	False	0	0.96041	0.03959	0.0
MonitoringTutorialDataset_2889	True	0	0.99194	0.00806	0.0
MonitoringTutorialDataset_2042	True	1	0.00416	0.99584	0.0
MonitoringTutorialDataset_2650	True	1	0.34827	0.65173	0.0
MonitoringTutorialDataset_1176	True	1	0.09559	0.90441	0.0
MonitoringTutorialDataset_2494	True	0	0.72111	0.27889	0.0
MonitoringTutorialDataset_0805	False	1	0.37575	0.62425	0.0
MonitoringTutorialDataset_2764	False	1	0.19776	0.80224	0.0
MonitoringTutorialDataset_2328	False	1	0.00522	0.99478	0.0
MonitoringTutorialDataset_1421	True	1	2e-05	0.99998	0.0
MonitoringTutorialDataset_1909	True	1	0.04059	0.95941	0.0
MonitoringTutorialDataset_1188	True	1	0.19283	0.80717	0.0
MonitoringTutorialDataset_3922	True	1	0.0	1.0	0.0
MonitoringTutorialDataset_1813	True	1	0.41565	0.58435	0.0
MonitoringTutorialDataset_0247	True	1	0.00462	0.99538	0.0
MonitoringTutorialDataset_2381	True	1	0.0135	0.9865	0.0
MonitoringTutorialDataset_2897	True	1	0.07543	0.92457	0.0
MonitoringTutorialDataset_1572	False	0	0.96894	0.03106	0.0
MonitoringTutorialDataset_1345	True	0	0.99031	0.00969	0.0
MonitoringTutorialDataset_0650	False	1	0.0	1.0	0.0
MonitoringTutorialDataset_1488	False	0	0.99748	0.00252	0.0
MonitoringTutorialDataset_3745	True	1	0.1647	0.8353	0.0
MonitoringTutorialDataset_1123	False	1	0.01538	0.98462	0.0
MonitoringTutorialDataset_3622	False	1	0.03158	0.96842	0.0
MonitoringTutorialDataset_2580	True	1	0.21895	0.78105	0.0
MonitoringTutorialDataset_1361	True	1	0.2271	0.7729	0.0
MonitoringTutorialDataset_0217	False	1	0.24346	0.75654	0.0
MonitoringTutorialDataset_0759	True	1	0.14358	0.85642	0.0
MonitoringTutorialDataset_1075	True	0	0.71958	0.28042	0.0
MonitoringTutorialDataset_3177	False	0	0.96596	0.03404	0.0
MonitoringTutorialDataset_2470	False	0	0.96236	0.03764	0.0
MonitoringTutorialDataset_2402	False	0	0.95323	0.04677	0.0
MonitoringTutorialDataset_4000	False	0	0.93968	0.06032	0.0
MonitoringTutorialDataset_4037	True	1	0.27822	0.72178	0.0
MonitoringTutorialDataset_2833	False	0	0.98505	0.01495	0.0
MonitoringTutorialDataset_0449	True	1	0.00295	0.99705	0.0
MonitoringTutorialDataset_1454	True	0	0.91735	0.08265	0.0
MonitoringTutorialDataset_2860	True	0	0.67916	0.32084	0.0
MonitoringTutorialDataset_3868	False	0	0.99757	0.00243	0.0
MonitoringTutorialDataset_1025	False	1	0.42297	0.57703	0.0
MonitoringTutorialDataset_0371	False	0	0.96938	0.03062	0.0
MonitoringTutorialDataset_2447	False	0	0.98855	0.01145	0.0
MonitoringTutorialDataset_1235	False	0	0.96987	0.03013	0.0
MonitoringTutorialDataset_0700	False	1	0.15022	0.84978	0.0
MonitoringTutorialDataset_1978	True	0	0.92973	0.07027	0.0
MonitoringTutorialDataset_0929	False	0	0.96349	0.03651	0.0
MonitoringTutorialDataset_1642	True	1	0.00102	0.99898	0.0
MonitoringTutorialDataset_1754	True	0	0.73008	0.26992	0.0
MonitoringTutorialDataset_3305	True	1	0.04746	0.95254	0.0
MonitoringTutorialDataset_0505	False	0	0.96075	0.03925	0.0
MonitoringTutorialDataset_0923	True	0	0.75742	0.24258	0.0
MonitoringTutorialDataset_2607	True	1	0.02079	0.97921	0.0
MonitoringTutorialDataset_3516	True	0	0.70343	0.29657	0.0
MonitoringTutorialDataset_1651	False	1	0.1154	0.8846	0.0
MonitoringTutorialDataset_0532	True	1	0.00692	0.99308	0.0
MonitoringTutorialDataset_2702	True	1	0.01212	0.98788	0.0
MonitoringTutorialDataset_3708	False	1	0.31281	0.68719	0.0
MonitoringTutorialDataset_2464	True	1	0.00106	0.99894	0.0
MonitoringTutorialDataset_2589	False	0	0.98701	0.01299	0.0
MonitoringTutorialDataset_2270	True	1	0.00016	0.99984	0.0
MonitoringTutorialDataset_3036	False	0	0.99451	0.00549	0.0
MonitoringTutorialDataset_2167	True	1	0.00155	0.99845	0.0
MonitoringTutorialDataset_2545	True	0	0.53754	0.46246	0.0
MonitoringTutorialDataset_0259	True	0	0.74151	0.25849	0.0
MonitoringTutorialDataset_2330	False	1	0.26801	0.73199	0.0
MonitoringTutorialDataset_1938	True	1	0.00975	0.99025	0.0
MonitoringTutorialDataset_1861	True	1	0.00259	0.99741	0.0
MonitoringTutorialDataset_0258	True	1	0.00059	0.99941	0.0
MonitoringTutorialDataset_0386	False	0	0.98108	0.01892	0.0
MonitoringTutorialDataset_2643	True	1	0.02377	0.97623	0.0
MonitoringTutorialDataset_2922	True	1	0.0	1.0	0.0
MonitoringTutorialDataset_3969	True	1	0.00335	0.99665	0.0
MonitoringTutorialDataset_1788	False	1	0.00011	0.99989	0.0
MonitoringTutorialDataset_1553	False	0	0.98251	0.01749	0.0
MonitoringTutorialDataset_0507	True	1	0.03925	0.96075	0.0
MonitoringTutorialDataset_0007	False	0	0.79768	0.20232	0.0
MonitoringTutorialDataset_3467	True	0	0.80216	0.19784	0.0
MonitoringTutorialDataset_3692	True	0	0.58732	0.41268	0.0
MonitoringTutorialDataset_2836	False	0	0.5538	0.4462	0.0
MonitoringTutorialDataset_0678	True	1	0.01141	0.98859	0.0
MonitoringTutorialDataset_2240	False	1	0.00834	0.99166	0.0
MonitoringTutorialDataset_1011	False	1	0.05315	0.94685	0.0
MonitoringTutorialDataset_0065	False	0	0.94846	0.05154	0.0
MonitoringTutorialDataset_0679	True	1	0.17644	0.82356	0.0
MonitoringTutorialDataset_1918	False	0	0.68573	0.31427	0.0
MonitoringTutorialDataset_0781	True	1	0.03835	0.96165	0.0
MonitoringTutorialDataset_2749	False	1	0.1083	0.8917	0.0
MonitoringTutorialDataset_3700	True	1	0.40469	0.59531	0.0
MonitoringTutorialDataset_3292	True	0	0.51037	0.48963	0.0
MonitoringTutorialDataset_3792	False	0	0.95112	0.04888	0.0
MonitoringTutorialDataset_0883	False	0	0.98478	0.01522	0.0
MonitoringTutorialDataset_0382	True	0	0.93028	0.06972	0.0
MonitoringTutorialDataset_3439	True	1	3e-05	0.99997	0.0
MonitoringTutorialDataset_0031	True	1	0.00036	0.99964	0.0
MonitoringTutorialDataset_3963	True	1	0.00024	0.99976	0.0
MonitoringTutorialDataset_3185	True	1	0.12818	0.87182	0.0
MonitoringTutorialDataset_1717	True	0	0.94276	0.05724	0.0
MonitoringTutorialDataset_3102	True	1	0.00205	0.99795	0.0
MonitoringTutorialDataset_2547	True	1	0.41256	0.58744	0.0
MonitoringTutorialDataset_1237	False	0	0.78242	0.21758	0.0
MonitoringTutorialDataset_1117	True	1	2e-05	0.99998	0.0
MonitoringTutorialDataset_0528	True	1	0.40899	0.59101	0.0
MonitoringTutorialDataset_0176	True	1	0.01856	0.98144	0.0
MonitoringTutorialDataset_0422	True	0	0.70003	0.29997	0.0
MonitoringTutorialDataset_2577	False	0	0.99985	0.00015	0.0
MonitoringTutorialDataset_3309	True	1	0.12892	0.87108	0.0
MonitoringTutorialDataset_2073	False	0	0.99006	0.00994	0.0
MonitoringTutorialDataset_0572	True	1	0.19326	0.80674	0.0
MonitoringTutorialDataset_0288	True	1	0.02306	0.97694	0.0
MonitoringTutorialDataset_3241	True	1	0.03599	0.96401	0.0
MonitoringTutorialDataset_1592	True	1	0.49364	0.50636	0.0
MonitoringTutorialDataset_2144	False	1	0.22575	0.77425	0.0
MonitoringTutorialDataset_1450	False	0	0.54455	0.45545	0.0
MonitoringTutorialDataset_2872	False	0	0.99278	0.00722	0.0
MonitoringTutorialDataset_1983	True	1	0.00113	0.99887	0.0
MonitoringTutorialDataset_2339	False	1	0.15185	0.84815	0.0
MonitoringTutorialDataset_0370	True	1	0.03095	0.96905	0.0
MonitoringTutorialDataset_1897	True	1	0.27923	0.72077	0.0
MonitoringTutorialDataset_2852	True	1	9e-05	0.99991	0.0
MonitoringTutorialDataset_0141	True	1	0.04201	0.95799	0.0
MonitoringTutorialDataset_3427	True	1	0.40803	0.59197	0.0
MonitoringTutorialDataset_0491	True	1	1e-05	0.99999	0.0
MonitoringTutorialDataset_3741	False	0	0.93358	0.06642	0.0
MonitoringTutorialDataset_3007	True	1	0.00711	0.99289	0.0
MonitoringTutorialDataset_1255	True	1	0.03105	0.96895	0.0
MonitoringTutorialDataset_1517	True	0	0.72014	0.27986	0.0
MonitoringTutorialDataset_0195	True	1	0.00014	0.99986	0.0
MonitoringTutorialDataset_2646	True	1	0.10266	0.89734	0.0
MonitoringTutorialDataset_3593	True	1	0.0024	0.9976	0.0
MonitoringTutorialDataset_0631	False	1	0.44107	0.55893	0.0
MonitoringTutorialDataset_0162	False	1	0.34667	0.65333	0.0
MonitoringTutorialDataset_2117	False	0	0.98586	0.01414	0.0
MonitoringTutorialDataset_2716	True	1	0.02827	0.97173	0.0
MonitoringTutorialDataset_0547	True	1	0.02197	0.97803	0.0
MonitoringTutorialDataset_3317	False	1	0.00473	0.99527	0.0
MonitoringTutorialDataset_2189	True	1	0.00191	0.99809	0.0
MonitoringTutorialDataset_3858	False	0	0.99872	0.00128	0.0
MonitoringTutorialDataset_3736	True	1	0.06001	0.93999	0.0
MonitoringTutorialDataset_3016	True	1	0.19288	0.80712	0.0
MonitoringTutorialDataset_0637	True	1	0.36231	0.63769	0.0
MonitoringTutorialDataset_2111	True	0	0.9597	0.0403	0.0
MonitoringTutorialDataset_3181	False	0	0.85697	0.14303	0.0
MonitoringTutorialDataset_1097	True	1	0.35843	0.64157	0.0
MonitoringTutorialDataset_1545	False	1	0.0636	0.9364	0.0
MonitoringTutorialDataset_0756	False	0	0.99036	0.00964	0.0
MonitoringTutorialDataset_2416	True	1	2e-05	0.99998	0.0
MonitoringTutorialDataset_1764	True	1	0.00778	0.99222	0.0
MonitoringTutorialDataset_3041	True	0	0.80286	0.19714	0.0
MonitoringTutorialDataset_1226	True	1	0.34739	0.65261	0.0
MonitoringTutorialDataset_2025	True	1	0.28305	0.71695	0.0
MonitoringTutorialDataset_3687	False	0	0.99225	0.00775	0.0
MonitoringTutorialDataset_1391	False	1	0.18883	0.81117	0.0
MonitoringTutorialDataset_1070	False	0	0.80822	0.19178	0.0
MonitoringTutorialDataset_3756	True	1	0.00055	0.99945	0.0
MonitoringTutorialDataset_3277	False	0	0.99685	0.00315	0.0
MonitoringTutorialDataset_3678	True	1	0.02429	0.97571	0.0
MonitoringTutorialDataset_2663	False	1	0.00175	0.99825	0.0
MonitoringTutorialDataset_0867	False	0	0.98765	0.01235	0.0
MonitoringTutorialDataset_0997	True	1	0.03779	0.96221	0.0
MonitoringTutorialDataset_3083	False	0	0.99287	0.00713	0.0
MonitoringTutorialDataset_1132	False	0	0.97469	0.02531	0.0
MonitoringTutorialDataset_0059	False	1	0.13202	0.86798	0.0
MonitoringTutorialDataset_3573	False	0	0.52317	0.47683	0.0
MonitoringTutorialDataset_3481	False	1	0.20891	0.79109	0.0
MonitoringTutorialDataset_2147	True	1	0.07782	0.92218	0.0
MonitoringTutorialDataset_1268	False	1	0.37883	0.62117	0.0
MonitoringTutorialDataset_1078	False	0	0.94747	0.05253	0.0
MonitoringTutorialDataset_1557	False	0	0.99835	0.00165	0.0
MonitoringTutorialDataset_0582	True	0	0.75612	0.24388	0.0
MonitoringTutorialDataset_1972	True	1	0.05084	0.94916	0.0
MonitoringTutorialDataset_1344	True	1	0.00029	0.99971	0.0
MonitoringTutorialDataset_3435	False	1	0.00256	0.99744	0.0
MonitoringTutorialDataset_1885	False	1	0.00368	0.99632	0.0
MonitoringTutorialDataset_3757	True	1	0.06695	0.93305	0.0
MonitoringTutorialDataset_1556	False	0	0.97702	0.02298	0.0
MonitoringTutorialDataset_2325	True	1	0.00075	0.99925	0.0
MonitoringTutorialDataset_0226	True	0	0.97582	0.02418	0.0
MonitoringTutorialDataset_1738	True	1	0.00385	0.99615	0.0
MonitoringTutorialDataset_3281	True	1	0.08525	0.91475	0.0
MonitoringTutorialDataset_2891	True	1	0.0121	0.9879	0.0
MonitoringTutorialDataset_3726	True	1	0.0735	0.9265	0.0
MonitoringTutorialDataset_3404	False	0	0.79612	0.20388	0.0
MonitoringTutorialDataset_1037	True	1	0.35983	0.64017	0.0
MonitoringTutorialDataset_0565	True	0	0.94495	0.05505	0.0
MonitoringTutorialDataset_1313	False	0	0.9998	0.0002	0.0
MonitoringTutorialDataset_3286	False	1	0.00011	0.99989	0.0
MonitoringTutorialDataset_1467	True	0	0.95326	0.04674	0.0
MonitoringTutorialDataset_2399	True	0	0.56316	0.43684	0.0
MonitoringTutorialDataset_0472	True	1	0.00489	0.99511	0.0
MonitoringTutorialDataset_3465	False	0	0.61914	0.38086	0.0
MonitoringTutorialDataset_1924	True	0	0.9822	0.0178	0.0
MonitoringTutorialDataset_1793	False	1	0.03729	0.96271	0.0
MonitoringTutorialDataset_2475	True	0	0.7786	0.2214	0.0
MonitoringTutorialDataset_0135	False	0	0.95336	0.04664	0.0
MonitoringTutorialDataset_2519	True	1	0.10071	0.89929	0.0
MonitoringTutorialDataset_3504	True	1	0.0114	0.9886	0.0
MonitoringTutorialDataset_2477	False	0	0.98489	0.01511	0.0
MonitoringTutorialDataset_0859	False	0	0.99466	0.00534	0.0
MonitoringTutorialDataset_0533	False	0	0.99563	0.00437	0.0
MonitoringTutorialDataset_3315	True	0	0.98324	0.01676	0.0
MonitoringTutorialDataset_3740	True	1	0.04405	0.95595	0.0
MonitoringTutorialDataset_3831	True	1	4e-05	0.99996	0.0
MonitoringTutorialDataset_3806	True	1	8e-05	0.99992	0.0
MonitoringTutorialDataset_3888	False	0	0.98795	0.01205	0.0
MonitoringTutorialDataset_2069	False	0	0.65598	0.34402	0.0
MonitoringTutorialDataset_3989	False	0	0.95192	0.04808	0.0
MonitoringTutorialDataset_3085	True	1	0.44407	0.55593	0.0
MonitoringTutorialDataset_3610	True	1	0.03431	0.96569	0.0
MonitoringTutorialDataset_1456	True	1	0.0639	0.9361	0.0
MonitoringTutorialDataset_3129	False	0	0.96353	0.03647	0.0
MonitoringTutorialDataset_0272	True	1	0.0162	0.9838	0.0
MonitoringTutorialDataset_2768	False	1	2e-05	0.99998	0.0
MonitoringTutorialDataset_0521	True	1	0.00282	0.99718	0.0
MonitoringTutorialDataset_0522	True	1	0.00171	0.99829	0.0
MonitoringTutorialDataset_1745	True	1	0.01494	0.98506	0.0
MonitoringTutorialDataset_2319	False	0	0.99954	0.00046	0.0
MonitoringTutorialDataset_1351	True	1	4e-05	0.99996	0.0
MonitoringTutorialDataset_2639	True	0	0.69505	0.30495	0.0
MonitoringTutorialDataset_0350	True	1	0.03296	0.96704	0.0
MonitoringTutorialDataset_3172	True	0	0.56817	0.43183	0.0
MonitoringTutorialDataset_1509	False	1	0.10246	0.89754	0.0
MonitoringTutorialDataset_3775	True	1	0.0287	0.9713	0.0
MonitoringTutorialDataset_2011	True	1	0.09014	0.90986	0.0
MonitoringTutorialDataset_0168	True	1	0.001	0.999	0.0
MonitoringTutorialDataset_3781	True	1	0.24345	0.75655	0.0
MonitoringTutorialDataset_0962	True	1	0.49921	0.50079	0.0
MonitoringTutorialDataset_0945	True	1	0.00252	0.99748	0.0
MonitoringTutorialDataset_0462	True	1	0.00384	0.99616	0.0
MonitoringTutorialDataset_3797	False	1	0.08745	0.91255	0.0
MonitoringTutorialDataset_2591	True	1	0.06389	0.93611	0.0
MonitoringTutorialDataset_3077	True	1	0.00375	0.99625	0.0
MonitoringTutorialDataset_1723	True	1	0.17307	0.82693	0.0
MonitoringTutorialDataset_2503	False	0	0.99668	0.00332	0.0
MonitoringTutorialDataset_0498	True	1	0.12972	0.87028	0.0
MonitoringTutorialDataset_0435	True	1	0.30161	0.69839	0.0
MonitoringTutorialDataset_1251	True	1	2e-05	0.99998	0.0
MonitoringTutorialDataset_1425	True	1	0.02438	0.97562	0.0
MonitoringTutorialDataset_2285	True	1	0.0	1.0	0.0
MonitoringTutorialDataset_1866	True	1	0.05566	0.94434	0.0
MonitoringTutorialDataset_0407	True	0	0.67058	0.32942	0.0
MonitoringTutorialDataset_1407	True	1	0.02898	0.97102	0.0
MonitoringTutorialDataset_0844	False	0	0.99842	0.00158	0.0
MonitoringTutorialDataset_3925	False	0	0.99045	0.00955	0.0
MonitoringTutorialDataset_2083	True	1	0.04041	0.95959	0.0
MonitoringTutorialDataset_3569	True	1	2e-05	0.99998	0.0
MonitoringTutorialDataset_1688	True	1	0.00239	0.99761	0.0
MonitoringTutorialDataset_0944	False	0	0.87571	0.12429	0.0
MonitoringTutorialDataset_3833	True	1	0.06775	0.93225	0.0
MonitoringTutorialDataset_3744	True	1	0.06751	0.93249	0.0
MonitoringTutorialDataset_1839	True	0	0.69775	0.30225	0.0
MonitoringTutorialDataset_0231	True	1	0.25928	0.74072	0.0
MonitoringTutorialDataset_1662	False	1	0.44569	0.55431	0.0
MonitoringTutorialDataset_1033	False	1	0.26762	0.73238	0.0
MonitoringTutorialDataset_2346	True	0	0.57818	0.42182	0.0
MonitoringTutorialDataset_2314	True	0	0.89867	0.10133	0.0
MonitoringTutorialDataset_1143	False	0	0.91383	0.08617	0.0
MonitoringTutorialDataset_0104	False	1	0.34743	0.65257	0.0
MonitoringTutorialDataset_2952	False	1	0.07125	0.92875	0.0
MonitoringTutorialDataset_2274	False	0	0.93565	0.06435	0.0
MonitoringTutorialDataset_2578	False	1	0.31294	0.68706	0.0
MonitoringTutorialDataset_1586	True	1	0.45843	0.54157	0.0
MonitoringTutorialDataset_3982	False	1	0.01921	0.98079	0.0
MonitoringTutorialDataset_1966	True	1	0.00306	0.99694	0.0
MonitoringTutorialDataset_2987	True	1	0.19275	0.80725	0.0
MonitoringTutorialDataset_2206	False	1	0.09118	0.90882	0.0
MonitoringTutorialDataset_2463	False	0	0.98811	0.01189	0.0
MonitoringTutorialDataset_3913	True	0	0.82155	0.17845	0.0
MonitoringTutorialDataset_3633	False	0	0.97419	0.02581	0.0
MonitoringTutorialDataset_0509	True	1	0.17776	0.82224	0.0
MonitoringTutorialDataset_0597	False	1	0.07251	0.92749	0.0
MonitoringTutorialDataset_1551	True	1	0.00113	0.99887	0.0
MonitoringTutorialDataset_0767	True	1	0.04227	0.95773	0.0
MonitoringTutorialDataset_0123	True	1	0.27707	0.72293	0.0
MonitoringTutorialDataset_3702	False	1	8e-05	0.99992	0.0
MonitoringTutorialDataset_1666	True	0	0.99694	0.00306	0.0
MonitoringTutorialDataset_0819	True	1	0.00043	0.99957	0.0
MonitoringTutorialDataset_1403	False	1	0.08692	0.91308	0.0
MonitoringTutorialDataset_1382	True	1	0.00117	0.99883	0.0
MonitoringTutorialDataset_0100	False	1	0.08152	0.91848	0.0
MonitoringTutorialDataset_3563	True	1	0.0225	0.9775	0.0
MonitoringTutorialDataset_1103	True	1	0.021	0.979	0.0
MonitoringTutorialDataset_3333	True	1	0.0889	0.9111	0.0
MonitoringTutorialDataset_3252	False	0	0.73483	0.26517	0.0
MonitoringTutorialDataset_1835	False	0	0.98401	0.01599	0.0
MonitoringTutorialDataset_0982	True	1	1e-05	0.99999	0.0
MonitoringTutorialDataset_2366	True	1	0.04834	0.95166	0.0
MonitoringTutorialDataset_2495	False	1	0.00284	0.99716	0.0
MonitoringTutorialDataset_1010	True	0	0.76308	0.23692	0.0
MonitoringTutorialDataset_4071	False	1	0.00032	0.99968	0.0
MonitoringTutorialDataset_3571	False	0	0.98949	0.01051	0.0
MonitoringTutorialDataset_1864	False	0	0.91601	0.08399	0.0
MonitoringTutorialDataset_2254	True	1	0.00019	0.99981	0.0
MonitoringTutorialDataset_0845	True	1	0.1274	0.8726	0.0
MonitoringTutorialDataset_1647	True	1	0.0723	0.9277	0.0
MonitoringTutorialDataset_1833	True	0	0.97038	0.02962	0.0
MonitoringTutorialDataset_1902	False	0	0.89934	0.10066	0.0
MonitoringTutorialDataset_2196	True	1	0.02197	0.97803	0.0
MonitoringTutorialDataset_0898	False	0	0.95339	0.04661	0.0
MonitoringTutorialDataset_1459	False	1	0.03545	0.96455	0.0
MonitoringTutorialDataset_1952	False	0	0.79385	0.20615	0.0
MonitoringTutorialDataset_0237	False	1	0.00114	0.99886	0.0
MonitoringTutorialDataset_1563	False	1	0.00502	0.99498	0.0
MonitoringTutorialDataset_1850	True	1	0.09122	0.90878	0.0
MonitoringTutorialDataset_2651	False	0	0.90417	0.09583	0.0
MonitoringTutorialDataset_2337	False	0	0.98042	0.01958	0.0
MonitoringTutorialDataset_0252	True	0	0.99809	0.00191	0.0
MonitoringTutorialDataset_2850	True	1	0.00293	0.99707	0.0
MonitoringTutorialDataset_2936	True	0	0.6109	0.38909	0.0
MonitoringTutorialDataset_1602	True	1	0.09001	0.90999	0.0
MonitoringTutorialDataset_0930	False	1	0.15384	0.84616	0.0
MonitoringTutorialDataset_3534	False	0	0.9886	0.0114	0.0
MonitoringTutorialDataset_1846	True	1	0.3441	0.6559	0.0
MonitoringTutorialDataset_3933	False	1	0.26059	0.73941	0.0
MonitoringTutorialDataset_1090	True	1	2e-05	0.99998	0.0
MonitoringTutorialDataset_3903	False	1	0.07522	0.92478	0.0
MonitoringTutorialDataset_2015	False	0	0.84023	0.15977	0.0
MonitoringTutorialDataset_0041	False	1	0.02656	0.97344	0.0
MonitoringTutorialDataset_1691	False	0	0.6517	0.3483	0.0
MonitoringTutorialDataset_2440	False	1	0.28787	0.71213	0.0
MonitoringTutorialDataset_2019	True	0	0.81363	0.18637	0.0
MonitoringTutorialDataset_1339	True	1	0.28639	0.7136	0.0
MonitoringTutorialDataset_1674	True	1	0.00027	0.99973	0.0
MonitoringTutorialDataset_3143	True	0	0.79207	0.20793	0.0
MonitoringTutorialDataset_2943	True	0	0.8026	0.1974	0.0
MonitoringTutorialDataset_3131	True	1	0.00081	0.99919	0.0
MonitoringTutorialDataset_1948	False	1	0.20248	0.79752	0.0
MonitoringTutorialDataset_1601	True	0	0.92283	0.07717	0.0
MonitoringTutorialDataset_2400	True	1	0.00028	0.99972	0.0
MonitoringTutorialDataset_2602	True	1	0.03522	0.96478	0.0
MonitoringTutorialDataset_2887	True	0	0.97295	0.02705	0.0
MonitoringTutorialDataset_2067	True	1	0.19391	0.80609	0.0
MonitoringTutorialDataset_0783	False	0	0.99961	0.00039	0.0
MonitoringTutorialDataset_3496	False	1	0.23336	0.76664	0.0
MonitoringTutorialDataset_1941	False	0	0.98306	0.01694	0.0
MonitoringTutorialDataset_3730	True	1	0.00111	0.99889	0.0
MonitoringTutorialDataset_3374	False	0	0.97704	0.02296	0.0
MonitoringTutorialDataset_3837	True	1	0.00017	0.99983	0.0
MonitoringTutorialDataset_3235	True	1	0.00343	0.99657	0.0
MonitoringTutorialDataset_3295	True	1	0.24846	0.75154	0.0
MonitoringTutorialDataset_1127	True	1	0.00268	0.99732	0.0
MonitoringTutorialDataset_0626	True	0	0.88532	0.11468	0.0
MonitoringTutorialDataset_3034	False	1	0.00199	0.99801	0.0
MonitoringTutorialDataset_2641	False	0	0.50626	0.49374	0.0
MonitoringTutorialDataset_2840	False	1	0.001	0.999	0.0
MonitoringTutorialDataset_0911	True	1	0.17589	0.82411	0.0
MonitoringTutorialDataset_3344	False	0	0.99588	0.00412	0.0
MonitoringTutorialDataset_0445	True	1	0.0126	0.9874	0.0
MonitoringTutorialDataset_0617	True	1	2e-05	0.99998	0.0
MonitoringTutorialDataset_0286	True	1	0.00131	0.99869	0.0
MonitoringTutorialDataset_2682	True	1	0.01311	0.98689	0.0
MonitoringTutorialDataset_2622	True	1	0.02363	0.97637	0.0
MonitoringTutorialDataset_1465	False	0	0.99705	0.00295	0.0
MonitoringTutorialDataset_0353	True	1	0.35657	0.64343	0.0
MonitoringTutorialDataset_0613	False	0	0.99376	0.00624	0.0
MonitoringTutorialDataset_3902	True	1	0.22875	0.77125	0.0
MonitoringTutorialDataset_2720	True	1	0.00035	0.99965	0.0
MonitoringTutorialDataset_3789	True	1	0.01364	0.98636	0.0
MonitoringTutorialDataset_3834	True	1	0.00852	0.99148	0.0
MonitoringTutorialDataset_2216	False	1	0.28837	0.71163	0.0
MonitoringTutorialDataset_3379	True	1	0.38564	0.61436	0.0
MonitoringTutorialDataset_3993	False	1	0.03453	0.96547	0.0
MonitoringTutorialDataset_1253	True	0	0.67664	0.32336	0.0
MonitoringTutorialDataset_3400	False	0	0.9716	0.0284	0.0
MonitoringTutorialDataset_2107	False	0	0.99939	0.00061	0.0
MonitoringTutorialDataset_0424	True	1	0.00292	0.99708	0.0
MonitoringTutorialDataset_0647	True	1	1e-04	0.9999	0.0
MonitoringTutorialDataset_2227	False	1	0.09121	0.90879	0.0
MonitoringTutorialDataset_2396	False	0	0.98285	0.01715	0.0
MonitoringTutorialDataset_0620	True	1	0.00067	0.99933	0.0
MonitoringTutorialDataset_0553	False	1	0.06632	0.93368	0.0
MonitoringTutorialDataset_1554	False	0	0.99394	0.00606	0.0
MonitoringTutorialDataset_0998	False	1	0.30939	0.69061	0.0
MonitoringTutorialDataset_2685	True	1	6e-05	0.99994	0.0
MonitoringTutorialDataset_1397	False	1	0.28558	0.71442	0.0
MonitoringTutorialDataset_1818	False	0	0.96312	0.03688	0.0
MonitoringTutorialDataset_1620	True	1	0.22276	0.77724	0.0
MonitoringTutorialDataset_3426	True	1	0.10856	0.89144	0.0
MonitoringTutorialDataset_4059	True	1	0.19165	0.80835	0.0
MonitoringTutorialDataset_2370	True	1	0.04284	0.95716	0.0
MonitoringTutorialDataset_0508	True	1	0.00523	0.99477	0.0
MonitoringTutorialDataset_2862	True	1	0.03216	0.96784	0.0
MonitoringTutorialDataset_1546	True	1	0.22409	0.77591	0.0
MonitoringTutorialDataset_4001	False	0	0.85153	0.14847	0.0
MonitoringTutorialDataset_2372	False	0	0.91333	0.08667	0.0
MonitoringTutorialDataset_0672	False	0	0.69978	0.30022	0.0
MonitoringTutorialDataset_1249	True	1	0.04761	0.95239	0.0
MonitoringTutorialDataset_1808	True	1	0.25928	0.74072	0.0
MonitoringTutorialDataset_1584	False	1	0.06228	0.93772	0.0
MonitoringTutorialDataset_3480	True	0	0.99524	0.00476	0.0
MonitoringTutorialDataset_2822	False	1	0.15104	0.84896	0.0
MonitoringTutorialDataset_3231	False	0	0.97671	0.02329	0.0
MonitoringTutorialDataset_2623	True	1	0.00829	0.99171	0.0
MonitoringTutorialDataset_2429	False	0	0.94492	0.05508	0.0
MonitoringTutorialDataset_0856	False	1	0.01188	0.98812	0.0
MonitoringTutorialDataset_1225	False	1	0.3692	0.6308	0.0
MonitoringTutorialDataset_1190	False	0	0.64871	0.35129	0.0
MonitoringTutorialDataset_3985	False	0	0.99929	0.00071	0.0
MonitoringTutorialDataset_3351	False	1	1e-05	0.99999	0.0
MonitoringTutorialDataset_2821	True	0	0.96883	0.03117	0.0
MonitoringTutorialDataset_2968	False	1	0.025	0.975	0.0
MonitoringTutorialDataset_1869	True	1	0.00155	0.99845	0.0
MonitoringTutorialDataset_1874	True	1	0.00129	0.99871	0.0
MonitoringTutorialDataset_0719	True	1	0.05273	0.94727	0.0
MonitoringTutorialDataset_3042	True	0	0.84351	0.15649	0.0
MonitoringTutorialDataset_1660	True	0	0.52424	0.47576	0.0
MonitoringTutorialDataset_3545	True	1	0.10593	0.89407	0.0
MonitoringTutorialDataset_3020	True	1	0.15721	0.84279	0.0
MonitoringTutorialDataset_3674	False	1	2e-05	0.99998	0.0
MonitoringTutorialDataset_2985	True	1	0.13801	0.86199	0.0
MonitoringTutorialDataset_2564	True	0	0.87263	0.12737	0.0
MonitoringTutorialDataset_1399	False	0	0.99586	0.00414	0.0
MonitoringTutorialDataset_1195	False	1	0.37502	0.62498	0.0
MonitoringTutorialDataset_3841	True	0	0.96107	0.03893	0.0
MonitoringTutorialDataset_3568	True	1	0.01268	0.98732	0.0
MonitoringTutorialDataset_0297	False	0	0.53711	0.46289	0.0
MonitoringTutorialDataset_2269	True	1	0.25342	0.74658	0.0
MonitoringTutorialDataset_0958	True	1	0.01228	0.98772	0.0
MonitoringTutorialDataset_1606	False	0	0.97409	0.02591	0.0
MonitoringTutorialDataset_2114	True	1	0.00027	0.99973	0.0
MonitoringTutorialDataset_1374	True	0	0.92657	0.07343	0.0
MonitoringTutorialDataset_3664	True	1	0.15889	0.84111	0.0
MonitoringTutorialDataset_3697	True	1	3e-05	0.99997	0.0
MonitoringTutorialDataset_2172	False	1	0.02006	0.97994	0.0
MonitoringTutorialDataset_3329	True	0	0.8635	0.1365	0.0
MonitoringTutorialDataset_1965	True	0	0.92338	0.07662	0.0
MonitoringTutorialDataset_1179	True	1	0.30926	0.69074	0.0
MonitoringTutorialDataset_2540	True	1	0.02098	0.97902	0.0
MonitoringTutorialDataset_3707	True	0	0.75946	0.24054	0.0
MonitoringTutorialDataset_1926	True	1	0.00083	0.99917	0.0
MonitoringTutorialDataset_1357	False	1	0.05187	0.94813	0.0
MonitoringTutorialDataset_3661	True	0	0.99036	0.00964	0.0
MonitoringTutorialDataset_0788	True	1	0.01941	0.98059	0.0
MonitoringTutorialDataset_3280	False	1	0.38078	0.61922	0.0
MonitoringTutorialDataset_3245	False	0	0.67339	0.32661	0.0
MonitoringTutorialDataset_3182	False	1	0.4192	0.5808	0.0
MonitoringTutorialDataset_3117	True	1	0.00549	0.99451	0.0
MonitoringTutorialDataset_0618	False	1	0.11527	0.88473	0.0
MonitoringTutorialDataset_0406	False	0	0.99797	0.00203	0.0
MonitoringTutorialDataset_3715	True	1	0.00013	0.99987	0.0
MonitoringTutorialDataset_0890	False	0	0.73072	0.26928	0.0
MonitoringTutorialDataset_2468	False	0	0.86644	0.13356	0.0
MonitoringTutorialDataset_0497	True	0	0.95628	0.04372	0.0
MonitoringTutorialDataset_2302	False	0	0.90851	0.09149	0.0
MonitoringTutorialDataset_3926	True	1	2e-05	0.99998	0.0
MonitoringTutorialDataset_1244	True	1	0.0	1.0	0.0
MonitoringTutorialDataset_3639	False	0	0.99761	0.00239	0.0
MonitoringTutorialDataset_3536	True	0	0.73808	0.26192	0.0
MonitoringTutorialDataset_3215	True	1	0.04381	0.95619	0.0
MonitoringTutorialDataset_0866	True	1	0.49645	0.50355	0.0
MonitoringTutorialDataset_3759	True	0	0.686	0.314	0.0
MonitoringTutorialDataset_2596	True	1	0.34642	0.65358	0.0
MonitoringTutorialDataset_3415	True	1	0.00526	0.99474	0.0
MonitoringTutorialDataset_3690	True	1	0.00011	0.99989	0.0
MonitoringTutorialDataset_2755	True	1	0.00252	0.99748	0.0
MonitoringTutorialDataset_0916	False	0	0.98829	0.01171	0.0
MonitoringTutorialDataset_1088	False	0	0.99519	0.00481	0.0
MonitoringTutorialDataset_3889	False	1	0.1304	0.8696	0.0
MonitoringTutorialDataset_3274	True	1	0.07565	0.92435	0.0
MonitoringTutorialDataset_2529	False	0	0.99649	0.00351	0.0
MonitoringTutorialDataset_1302	True	1	0.08359	0.91641	0.0
MonitoringTutorialDataset_3186	True	1	0.01641	0.98359	0.0
MonitoringTutorialDataset_1505	True	1	0.00545	0.99455	0.0
MonitoringTutorialDataset_1477	False	0	0.56471	0.43529	0.0
MonitoringTutorialDataset_0493	True	0	0.84681	0.15319	0.0
MonitoringTutorialDataset_1125	True	0	0.71915	0.28085	0.0
MonitoringTutorialDataset_1404	False	1	0.20261	0.79739	0.0
MonitoringTutorialDataset_2752	False	0	0.87899	0.12101	0.0
MonitoringTutorialDataset_2893	True	1	0.0954	0.9046	0.0
MonitoringTutorialDataset_2318	True	0	0.6169	0.3831	0.0
MonitoringTutorialDataset_3941	True	0	0.881	0.119	0.0
MonitoringTutorialDataset_0584	False	1	0.0092	0.9908	0.0
MonitoringTutorialDataset_0687	True	1	1e-05	0.99999	0.0
MonitoringTutorialDataset_2333	True	1	0.00199	0.99801	0.0
MonitoringTutorialDataset_1608	False	0	0.65322	0.34678	0.0
MonitoringTutorialDataset_2728	False	0	0.80611	0.19389	0.0
MonitoringTutorialDataset_2279	False	0	0.77937	0.22063	0.0
MonitoringTutorialDataset_3265	True	1	0.00123	0.99877	0.0
MonitoringTutorialDataset_2356	True	0	0.98922	0.01078	0.0
MonitoringTutorialDataset_0360	True	1	0.36529	0.63471	0.0
MonitoringTutorialDataset_3718	True	0	0.77767	0.22233	0.0
MonitoringTutorialDataset_3860	False	1	0.00271	0.99729	0.0
MonitoringTutorialDataset_1677	True	0	0.64894	0.35106	0.0
MonitoringTutorialDataset_1310	True	0	0.9804	0.0196	0.0
MonitoringTutorialDataset_0800	True	1	0.13829	0.86171	0.0
MonitoringTutorialDataset_0986	True	1	0.35548	0.64452	0.0
MonitoringTutorialDataset_2576	True	1	0.21859	0.78141	0.0
MonitoringTutorialDataset_1904	True	1	0.00454	0.99546	0.0
MonitoringTutorialDataset_3139	True	1	0.11937	0.88063	0.0
MonitoringTutorialDataset_0113	True	1	0.00741	0.99259	0.0
MonitoringTutorialDataset_1241	True	1	0.18053	0.81947	0.0
MonitoringTutorialDataset_1142	True	1	0.0003	0.9997	0.0
MonitoringTutorialDataset_1825	False	1	0.25227	0.74774	0.0
MonitoringTutorialDataset_1518	False	0	0.97346	0.02654	0.0
MonitoringTutorialDataset_2789	True	1	0.00076	0.99924	0.0
MonitoringTutorialDataset_0668	True	1	0.425	0.575	0.0
MonitoringTutorialDataset_3532	False	0	0.81588	0.18412	0.0
MonitoringTutorialDataset_1364	False	0	0.99966	0.00034	0.0
MonitoringTutorialDataset_3210	False	0	0.97362	0.02638	0.0
MonitoringTutorialDataset_0383	False	1	0.00043	0.99957	0.0
MonitoringTutorialDataset_0150	False	0	0.93922	0.06078	0.0
MonitoringTutorialDataset_1451	False	0	0.81102	0.18898	0.0
MonitoringTutorialDataset_3399	False	0	0.92973	0.07027	0.0
MonitoringTutorialDataset_2924	True	1	0.00044	0.99956	0.0
MonitoringTutorialDataset_1820	True	1	0.0006	0.9994	0.0
MonitoringTutorialDataset_2772	True	1	0.0041	0.9959	0.0
MonitoringTutorialDataset_2183	True	1	0.0674	0.9326	0.0
MonitoringTutorialDataset_0489	True	1	0.00454	0.99546	0.0
MonitoringTutorialDataset_3747	False	0	0.99823	0.00177	0.0
MonitoringTutorialDataset_0690	True	1	0.1411	0.8589	0.0
MonitoringTutorialDataset_0836	False	0	0.99903	0.00097	0.0
MonitoringTutorialDataset_3001	True	1	0.16846	0.83154	0.0
MonitoringTutorialDataset_1780	True	1	0.00062	0.99938	0.0
MonitoringTutorialDataset_2981	False	1	0.03458	0.96542	0.0
MonitoringTutorialDataset_2813	True	1	0.01839	0.98161	0.0
MonitoringTutorialDataset_0118	False	0	0.99475	0.00525	0.0
MonitoringTutorialDataset_0281	False	0	0.99321	0.00679	0.0
MonitoringTutorialDataset_2392	False	0	0.9976	0.0024	0.0
MonitoringTutorialDataset_1316	False	0	0.9211	0.0789	0.0
MonitoringTutorialDataset_0968	True	1	0.12819	0.87181	0.0
MonitoringTutorialDataset_1665	True	1	0.01652	0.98348	0.0
MonitoringTutorialDataset_1905	True	0	0.81703	0.18297	0.0
MonitoringTutorialDataset_3544	True	1	0.00051	0.99949	0.0
MonitoringTutorialDataset_2112	True	0	0.97637	0.02363	0.0
MonitoringTutorialDataset_0619	True	0	0.9913	0.0087	0.0
MonitoringTutorialDataset_2020	False	1	0.00821	0.99179	0.0
MonitoringTutorialDataset_1706	False	0	0.97283	0.02717	0.0
MonitoringTutorialDataset_1801	True	1	0.15308	0.84692	0.0
MonitoringTutorialDataset_1993	True	1	0.116	0.884	0.0
MonitoringTutorialDataset_0269	True	1	0.36727	0.63273	0.0
MonitoringTutorialDataset_0300	False	0	0.91131	0.08869	0.0
MonitoringTutorialDataset_3663	False	0	0.99505	0.00495	0.0
MonitoringTutorialDataset_1472	True	1	0.21434	0.78566	0.0
MonitoringTutorialDataset_2046	True	1	0.24082	0.75918	0.0
MonitoringTutorialDataset_2008	True	1	0.00046	0.99954	0.0
MonitoringTutorialDataset_2843	True	0	0.55503	0.44497	0.0
MonitoringTutorialDataset_1525	False	0	0.98276	0.01724	0.0
MonitoringTutorialDataset_2181	True	0	0.76549	0.23451	0.0
MonitoringTutorialDataset_4019	True	1	0.44314	0.55686	0.0
MonitoringTutorialDataset_2499	True	0	0.80762	0.19238	0.0
MonitoringTutorialDataset_1269	True	0	0.85848	0.14152	0.0
MonitoringTutorialDataset_0185	True	1	0.01136	0.98864	0.0
MonitoringTutorialDataset_1797	False	1	0.27309	0.72691	0.0
MonitoringTutorialDataset_1535	True	1	0.36218	0.63782	0.0
MonitoringTutorialDataset_1273	True	1	0.04315	0.95685	0.0
MonitoringTutorialDataset_1712	False	0	0.99885	0.00115	0.0
MonitoringTutorialDataset_3383	False	1	0.00466	0.99534	0.0
MonitoringTutorialDataset_3365	False	0	0.99429	0.00571	0.0
MonitoringTutorialDataset_3705	False	1	0.00236	0.99764	0.0
MonitoringTutorialDataset_2071	False	1	0.0756	0.9244	0.0
MonitoringTutorialDataset_1748	False	1	0.25906	0.74094	0.0
MonitoringTutorialDataset_2369	True	1	0.39571	0.60429	0.0
MonitoringTutorialDataset_0902	False	1	0.00307	0.99693	0.0
MonitoringTutorialDataset_1230	True	1	0.21237	0.78763	0.0
MonitoringTutorialDataset_3552	True	1	0.08775	0.91225	0.0
MonitoringTutorialDataset_3997	True	1	0.00517	0.99483	0.0
MonitoringTutorialDataset_0754	False	0	0.98073	0.01927	0.0
MonitoringTutorialDataset_4041	False	0	0.95399	0.04601	0.0
MonitoringTutorialDataset_0311	False	0	0.98374	0.01626	0.0
MonitoringTutorialDataset_2946	False	1	0.35548	0.64452	0.0
MonitoringTutorialDataset_0306	False	1	0.25501	0.74499	0.0
MonitoringTutorialDataset_3688	True	1	0.18833	0.81167	0.0
MonitoringTutorialDataset_2364	True	0	0.52514	0.47486	0.0
MonitoringTutorialDataset_0873	True	0	0.52403	0.47597	0.0
MonitoringTutorialDataset_0514	False	1	0.12092	0.87908	0.0
MonitoringTutorialDataset_0409	True	1	0.00078	0.99922	0.0
MonitoringTutorialDataset_2282	False	1	0.00976	0.99024	0.0
MonitoringTutorialDataset_3057	False	1	0.01837	0.98163	0.0
MonitoringTutorialDataset_2509	True	0	0.67116	0.32884	0.0
MonitoringTutorialDataset_1883	True	1	0.01142	0.98858	0.0
MonitoringTutorialDataset_0552	True	1	0.246	0.754	0.0
MonitoringTutorialDataset_3783	False	0	0.98319	0.01681	0.0
MonitoringTutorialDataset_3712	True	1	0.02374	0.97626	0.0
MonitoringTutorialDataset_1925	True	0	0.95993	0.04007	0.0
MonitoringTutorialDataset_3750	True	0	0.95838	0.04162	0.0
MonitoringTutorialDataset_0316	True	1	0.00422	0.99578	0.0
MonitoringTutorialDataset_3596	False	0	0.723	0.277	0.0
MonitoringTutorialDataset_0427	False	0	0.68193	0.31807	0.0
MonitoringTutorialDataset_0105	True	1	0.03618	0.96382	0.0
MonitoringTutorialDataset_3076	True	1	0.03149	0.96851	0.0
MonitoringTutorialDataset_2163	False	0	0.92203	0.07797	0.0
MonitoringTutorialDataset_1949	False	0	0.96838	0.03162	0.0
MonitoringTutorialDataset_3623	False	1	0.12807	0.87193	0.0
MonitoringTutorialDataset_3799	True	1	0.32058	0.67942	0.0
MonitoringTutorialDataset_2334	False	0	0.99735	0.00265	0.0
MonitoringTutorialDataset_1109	True	1	0.0194	0.9806	0.0
MonitoringTutorialDataset_2405	False	0	0.80751	0.19249	0.0
MonitoringTutorialDataset_0591	True	1	0.02562	0.97438	0.0
MonitoringTutorialDataset_3935	True	0	0.98062	0.01938	0.0
MonitoringTutorialDataset_0778	False	0	0.9874	0.0126	0.0
MonitoringTutorialDataset_2633	False	1	9e-05	0.99991	0.0
MonitoringTutorialDataset_3357	True	1	0.07542	0.92458	0.0
MonitoringTutorialDataset_2347	False	0	0.99323	0.00677	0.0
MonitoringTutorialDataset_1567	True	1	7e-05	0.99993	0.0
MonitoringTutorialDataset_3433	True	1	0.05468	0.94532	0.0
MonitoringTutorialDataset_2403	True	1	0.16337	0.83663	0.0
MonitoringTutorialDataset_0273	True	1	0.0135	0.9865	0.0
MonitoringTutorialDataset_0071	True	1	0.00324	0.99676	0.0
MonitoringTutorialDataset_3992	True	0	0.97625	0.02375	0.0
MonitoringTutorialDataset_2754	False	0	0.93844	0.06156	0.0
MonitoringTutorialDataset_4036	False	0	0.90255	0.09745	0.0
MonitoringTutorialDataset_3723	True	0	0.54241	0.45759	0.0
MonitoringTutorialDataset_2665	True	1	0.00299	0.99701	0.0
MonitoringTutorialDataset_3990	True	0	0.95495	0.04505	0.0
MonitoringTutorialDataset_0526	True	1	0.33127	0.66873	0.0
MonitoringTutorialDataset_0377	False	1	0.05986	0.94014	0.0
MonitoringTutorialDataset_1559	False	1	0.2622	0.7378	0.0
MonitoringTutorialDataset_4040	False	0	0.99941	0.00059	0.0
MonitoringTutorialDataset_3722	False	0	0.98286	0.01714	0.0
MonitoringTutorialDataset_0519	True	1	0.1866	0.8134	0.0
MonitoringTutorialDataset_3285	False	1	0.01251	0.98749	0.0
MonitoringTutorialDataset_2757	False	0	0.79885	0.20115	0.0
MonitoringTutorialDataset_1083	True	1	0.49921	0.50079	0.0
MonitoringTutorialDataset_2406	False	1	0.00279	0.99721	0.0
MonitoringTutorialDataset_3957	True	1	0.14518	0.85482	0.0
MonitoringTutorialDataset_1530	True	1	0.00405	0.99595	0.0
MonitoringTutorialDataset_1410	False	1	0.08596	0.91404	0.0
MonitoringTutorialDataset_3229	True	1	0.06755	0.93246	0.0
MonitoringTutorialDataset_0083	True	1	0.04687	0.95313	0.0
MonitoringTutorialDataset_2293	False	1	2e-05	0.99998	0.0
MonitoringTutorialDataset_1710	False	1	0.33136	0.66864	0.0
MonitoringTutorialDataset_2798	True	1	0.00889	0.99111	0.0
MonitoringTutorialDataset_0886	True	1	0.051	0.949	0.0
MonitoringTutorialDataset_2741	True	1	0.00128	0.99872	0.0
MonitoringTutorialDataset_3150	True	1	0.01436	0.98564	0.0
MonitoringTutorialDataset_3434	False	1	0.00318	0.99682	0.0
MonitoringTutorialDataset_1453	True	1	0.00168	0.99832	0.0
MonitoringTutorialDataset_3598	True	1	0.02922	0.97078	0.0
MonitoringTutorialDataset_2126	True	1	3e-05	0.99997	0.0
MonitoringTutorialDataset_0906	True	1	0.00369	0.99631	0.0
MonitoringTutorialDataset_2994	True	1	0.00221	0.99779	0.0
MonitoringTutorialDataset_2715	True	1	0.04263	0.95737	0.0
MonitoringTutorialDataset_4002	False	1	0.00107	0.99893	0.0
MonitoringTutorialDataset_0885	False	0	0.53068	0.46932	0.0
MonitoringTutorialDataset_0917	True	1	0.35078	0.64922	0.0
MonitoringTutorialDataset_2513	True	1	0.18532	0.81468	0.0
MonitoringTutorialDataset_3378	False	0	0.8309	0.1691	0.0
MonitoringTutorialDataset_2571	True	0	0.73286	0.26714	0.0
MonitoringTutorialDataset_3052	True	0	0.53834	0.46166	0.0
MonitoringTutorialDataset_3527	False	0	0.98004	0.01996	0.0
MonitoringTutorialDataset_0277	False	0	0.6895	0.3105	0.0
MonitoringTutorialDataset_2084	True	0	0.74797	0.25203	0.0
MonitoringTutorialDataset_0571	False	0	0.96214	0.03786	0.0
MonitoringTutorialDataset_1435	True	1	0.01337	0.98663	0.0
MonitoringTutorialDataset_0993	True	0	0.96273	0.03727	0.0
MonitoringTutorialDataset_0585	True	0	0.66917	0.33083	0.0
MonitoringTutorialDataset_1349	False	0	0.77576	0.22424	0.0
MonitoringTutorialDataset_0674	True	1	0.00032	0.99968	0.0
MonitoringTutorialDataset_3621	False	0	0.50007	0.49993	0.0
MonitoringTutorialDataset_3056	False	1	0.16519	0.83481	0.0
MonitoringTutorialDataset_3226	True	1	0.03849	0.96151	0.0
MonitoringTutorialDataset_3364	True	1	0.18455	0.81545	0.0
MonitoringTutorialDataset_1247	True	1	0.23281	0.76719	0.0
MonitoringTutorialDataset_0588	False	0	0.92274	0.07726	0.0
MonitoringTutorialDataset_2129	False	0	0.76928	0.23072	0.0
MonitoringTutorialDataset_0425	False	1	0.03573	0.96427	0.0
MonitoringTutorialDataset_3391	True	0	0.97401	0.02599	0.0
MonitoringTutorialDataset_0556	False	1	0.00675	0.99325	0.0
MonitoringTutorialDataset_3614	True	1	0.0218	0.9782	0.0
MonitoringTutorialDataset_2753	True	1	0.0506	0.9494	0.0
MonitoringTutorialDataset_1193	False	0	0.92409	0.07591	0.0
MonitoringTutorialDataset_1716	False	1	0.46583	0.53417	0.0
MonitoringTutorialDataset_2761	True	0	0.60075	0.39925	0.0
MonitoringTutorialDataset_4004	True	1	0.00259	0.99741	0.0
MonitoringTutorialDataset_3193	False	0	0.99211	0.00789	0.0
MonitoringTutorialDataset_2542	True	1	0.01925	0.98075	0.0
MonitoringTutorialDataset_1591	False	1	0.10542	0.89458	0.0
MonitoringTutorialDataset_3597	True	1	0.00035	0.99965	0.0
MonitoringTutorialDataset_2162	True	0	0.86764	0.13236	0.0
MonitoringTutorialDataset_2271	False	0	0.98803	0.01197	0.0
MonitoringTutorialDataset_1137	False	0	0.98326	0.01674	0.0
MonitoringTutorialDataset_3368	True	0	0.57281	0.42719	0.0
MonitoringTutorialDataset_0453	False	1	0.08053	0.91947	0.0
MonitoringTutorialDataset_0913	False	0	0.89749	0.10251	0.0
MonitoringTutorialDataset_2725	False	1	0.47416	0.52584	0.0
MonitoringTutorialDataset_1274	True	1	0.00087	0.99913	0.0
MonitoringTutorialDataset_0983	True	1	0.009	0.991	0.0
MonitoringTutorialDataset_1418	True	0	0.53672	0.46328	0.0
MonitoringTutorialDataset_1560	True	1	0.00263	0.99737	0.0
MonitoringTutorialDataset_2594	True	0	0.93818	0.06182	0.0
MonitoringTutorialDataset_3668	True	0	0.95047	0.04953	0.0
MonitoringTutorialDataset_1640	True	1	0.46716	0.53284	0.0
MonitoringTutorialDataset_1290	False	0	0.99906	0.00094	0.0
MonitoringTutorialDataset_1380	True	0	0.64537	0.35463	0.0
MonitoringTutorialDataset_1933	True	1	0.05533	0.94467	0.0
MonitoringTutorialDataset_0579	True	0	0.79204	0.20796	0.0
MonitoringTutorialDataset_2867	False	1	0.11316	0.88684	0.0
MonitoringTutorialDataset_0849	False	1	0.00503	0.99497	0.0
MonitoringTutorialDataset_1913	False	1	0.07909	0.92091	0.0
MonitoringTutorialDataset_0053	False	1	1e-05	0.99999	0.0
MonitoringTutorialDataset_3929	False	1	0.0029	0.9971	0.0
MonitoringTutorialDataset_1911	True	0	0.5468	0.4532	0.0
MonitoringTutorialDataset_3861	True	0	0.72699	0.27301	0.0
MonitoringTutorialDataset_1389	False	0	0.77713	0.22287	0.0
MonitoringTutorialDataset_2548	False	0	0.9993	0.0007	0.0
MonitoringTutorialDataset_1594	True	1	0.00229	0.99771	0.0
MonitoringTutorialDataset_2273	False	0	0.91511	0.08489	0.0
MonitoringTutorialDataset_1325	True	0	0.73565	0.26435	0.0
MonitoringTutorialDataset_1463	True	1	0.00815	0.99185	0.0
MonitoringTutorialDataset_3345	True	0	0.67414	0.32586	0.0
MonitoringTutorialDataset_2108	False	0	0.58729	0.41271	0.0
MonitoringTutorialDataset_2886	True	1	0.04765	0.95235	0.0
MonitoringTutorialDataset_4010	False	0	0.96779	0.03221	0.0
MonitoringTutorialDataset_2234	True	1	0.02061	0.97939	0.0
MonitoringTutorialDataset_0963	False	1	0.06332	0.93668	0.0
MonitoringTutorialDataset_3851	True	0	0.9213	0.0787	0.0
MonitoringTutorialDataset_2033	False	0	0.93777	0.06223	0.0
MonitoringTutorialDataset_2854	False	0	0.98423	0.01577	0.0
MonitoringTutorialDataset_1165	True	0	0.99215	0.00785	0.0
MonitoringTutorialDataset_2050	False	0	0.93977	0.06023	0.0
MonitoringTutorialDataset_0265	False	0	0.52714	0.47286	0.0
MonitoringTutorialDataset_3168	True	0	0.71544	0.28456	0.0
MonitoringTutorialDataset_1771	True	1	0.26731	0.73269	0.0
MonitoringTutorialDataset_4045	True	0	0.67358	0.32642	0.0
MonitoringTutorialDataset_0244	True	1	0.20302	0.79698	0.0
MonitoringTutorialDataset_3828	False	0	0.98044	0.01956	0.0
MonitoringTutorialDataset_0476	True	1	0.01594	0.98406	0.0
MonitoringTutorialDataset_3463	True	1	0.0	1.0	0.0
MonitoringTutorialDataset_4016	True	1	0.00989	0.99011	0.0
MonitoringTutorialDataset_1804	False	0	0.85898	0.14102	0.0
MonitoringTutorialDataset_3523	True	1	0.36364	0.63636	0.0
MonitoringTutorialDataset_0738	True	1	0.00034	0.99966	0.0
MonitoringTutorialDataset_1449	True	1	0.40744	0.59256	0.0
MonitoringTutorialDataset_0015	False	1	0.02684	0.97316	0.0
MonitoringTutorialDataset_3270	False	0	0.61616	0.38384	0.0
MonitoringTutorialDataset_1194	False	0	0.50761	0.49239	0.0
MonitoringTutorialDataset_3808	True	0	0.97694	0.02306	0.0
MonitoringTutorialDataset_1121	True	1	0.29075	0.70925	0.0
MonitoringTutorialDataset_3954	False	0	0.9948	0.0052	0.0
MonitoringTutorialDataset_3742	False	0	0.77717	0.22283	0.0
MonitoringTutorialDataset_0614	True	1	0.00296	0.99704	0.0
MonitoringTutorialDataset_1466	False	0	0.99538	0.00462	0.0
MonitoringTutorialDataset_0401	True	0	0.96301	0.03699	0.0
MonitoringTutorialDataset_0934	True	1	1e-05	0.99999	0.0
MonitoringTutorialDataset_2419	True	0	0.52039	0.47961	0.0
MonitoringTutorialDataset_2684	False	0	0.60715	0.39285	0.0
MonitoringTutorialDataset_2676	True	1	0.00128	0.99872	0.0
MonitoringTutorialDataset_0726	False	0	0.99842	0.00158	0.0
MonitoringTutorialDataset_0826	True	1	0.0	1.0	0.0
MonitoringTutorialDataset_1521	True	1	0.03885	0.96115	0.0
MonitoringTutorialDataset_0136	False	0	0.65457	0.34543	0.0
MonitoringTutorialDataset_3123	True	1	0.1099	0.8901	0.0
MonitoringTutorialDataset_1817	False	0	0.8478	0.1522	0.0
MonitoringTutorialDataset_3667	False	0	0.68326	0.31674	0.0
MonitoringTutorialDataset_1039	True	1	0.04796	0.95204	0.0
MonitoringTutorialDataset_3521	False	1	0.0048	0.9952	0.0
MonitoringTutorialDataset_1561	True	1	0.03843	0.96157	0.0
MonitoringTutorialDataset_3961	False	1	0.03564	0.96436	0.0
MonitoringTutorialDataset_3416	False	0	0.99984	0.00016	0.0
MonitoringTutorialDataset_2421	True	1	0.0	1.0	0.0
MonitoringTutorialDataset_3651	True	1	0.10054	0.89946	0.0
MonitoringTutorialDataset_0215	False	0	0.9112	0.0888	0.0
MonitoringTutorialDataset_3813	False	0	0.99696	0.00304	0.0
MonitoringTutorialDataset_2627	False	0	0.97376	0.02624	0.0
MonitoringTutorialDataset_0101	False	1	0.00365	0.99635	0.0
MonitoringTutorialDataset_0107	False	1	0.00467	0.99533	0.0
MonitoringTutorialDataset_2978	True	1	0.04477	0.95523	0.0
MonitoringTutorialDataset_2711	True	1	0.00011	0.99989	0.0
MonitoringTutorialDataset_2582	False	0	0.81611	0.18389	0.0
MonitoringTutorialDataset_1040	True	1	0.18631	0.81369	0.0
MonitoringTutorialDataset_2120	True	0	0.80694	0.19306	0.0
MonitoringTutorialDataset_3475	True	0	0.77319	0.22681	0.0
MonitoringTutorialDataset_2248	False	1	0.01822	0.98178	0.0
MonitoringTutorialDataset_3000	True	0	0.64916	0.35084	0.0
MonitoringTutorialDataset_3447	False	1	0.00358	0.99642	0.0
MonitoringTutorialDataset_2804	False	0	0.69438	0.30562	0.0
MonitoringTutorialDataset_0405	True	1	0.00154	0.99846	0.0
MonitoringTutorialDataset_0757	False	0	0.99163	0.00837	0.0
MonitoringTutorialDataset_1333	True	0	0.98507	0.01493	0.0
MonitoringTutorialDataset_3230	False	0	0.9884	0.0116	0.0
MonitoringTutorialDataset_2058	True	1	0.01665	0.98335	0.0
MonitoringTutorialDataset_3443	False	0	0.98161	0.01839	0.0
MonitoringTutorialDataset_0028	True	1	1e-05	0.99999	0.0
MonitoringTutorialDataset_0692	False	1	0.06342	0.93658	0.0
MonitoringTutorialDataset_1386	False	0	0.95319	0.04681	0.0
MonitoringTutorialDataset_3786	True	1	0.00015	0.99985	0.0
MonitoringTutorialDataset_0701	False	1	0.24843	0.75157	0.0
MonitoringTutorialDataset_1708	True	1	0.20147	0.79853	0.0
MonitoringTutorialDataset_2040	False	1	0.2394	0.7606	0.0
MonitoringTutorialDataset_2917	True	0	0.68584	0.31416	0.0
MonitoringTutorialDataset_3649	True	0	0.94005	0.05995	0.0
MonitoringTutorialDataset_1401	True	1	0.00031	0.99969	0.0
MonitoringTutorialDataset_3991	True	1	0.00052	0.99948	0.0
MonitoringTutorialDataset_1379	False	0	0.9461	0.0539	0.0
MonitoringTutorialDataset_2089	True	0	0.89949	0.10051	0.0
MonitoringTutorialDataset_3321	False	1	0.12433	0.87567	0.0
MonitoringTutorialDataset_0441	False	1	0.00825	0.99175	0.0
MonitoringTutorialDataset_1301	True	1	0.47111	0.52889	0.0
MonitoringTutorialDataset_0236	True	1	0.48728	0.51272	0.0
MonitoringTutorialDataset_0520	True	1	0.01296	0.98704	0.0
MonitoringTutorialDataset_0735	True	1	0.09578	0.90422	0.0
MonitoringTutorialDataset_2106	True	1	0.01694	0.98306	0.0
MonitoringTutorialDataset_3788	True	1	0.04365	0.95635	0.0
MonitoringTutorialDataset_3450	True	1	0.34795	0.65205	0.0
MonitoringTutorialDataset_1279	True	1	0.00753	0.99247	0.0
MonitoringTutorialDataset_3246	True	1	0.0141	0.9859	0.0
MonitoringTutorialDataset_2308	True	1	0.06152	0.93848	0.0
MonitoringTutorialDataset_2662	True	1	0.34826	0.65174	0.0
MonitoringTutorialDataset_1308	False	0	0.87984	0.12016	0.0
MonitoringTutorialDataset_0914	False	0	0.97736	0.02264	0.0
MonitoringTutorialDataset_3827	True	1	0.00332	0.99668	0.0
MonitoringTutorialDataset_3732	True	1	0.0022	0.9978	0.0
MonitoringTutorialDataset_0774	True	1	0.08424	0.91576	0.0
MonitoringTutorialDataset_2054	True	0	0.57198	0.42802	0.0
MonitoringTutorialDataset_0943	True	1	0.13822	0.86178	0.0
MonitoringTutorialDataset_0164	False	0	0.99609	0.00391	0.0
MonitoringTutorialDataset_1523	False	0	0.79235	0.20765	0.0
MonitoringTutorialDataset_2490	False	1	5e-05	0.99995	0.0
MonitoringTutorialDataset_1858	False	0	0.51826	0.48174	0.0
MonitoringTutorialDataset_0832	True	1	0.40381	0.59619	0.0
MonitoringTutorialDataset_1201	False	0	0.5684	0.4316	0.0
MonitoringTutorialDataset_2134	True	1	0.22533	0.77467	0.0
MonitoringTutorialDataset_2209	False	1	0.05387	0.94613	0.0
MonitoringTutorialDataset_3137	True	1	0.00105	0.99895	0.0
MonitoringTutorialDataset_1481	True	1	0.0	1.0	0.0
MonitoringTutorialDataset_0799	False	0	0.96973	0.03027	0.0
MonitoringTutorialDataset_1920	False	1	0.00733	0.99267	0.0
MonitoringTutorialDataset_2912	True	1	0.00871	0.99129	0.0
MonitoringTutorialDataset_1701	True	1	0.00018	0.99982	0.0
MonitoringTutorialDataset_3815	False	1	0.37191	0.62809	0.0
MonitoringTutorialDataset_0987	True	1	0.013	0.987	0.0
MonitoringTutorialDataset_3198	True	1	0.0154	0.9846	0.0
MonitoringTutorialDataset_2909	False	0	0.93883	0.06117	0.0
MonitoringTutorialDataset_0768	True	1	0.47535	0.52465	0.0
MonitoringTutorialDataset_2079	True	1	0.01738	0.98262	0.0
MonitoringTutorialDataset_0722	True	1	0.1287	0.8713	0.0
MonitoringTutorialDataset_0989	False	0	0.99724	0.00276	0.0
MonitoringTutorialDataset_3471	True	1	0.47705	0.52295	0.0
MonitoringTutorialDataset_0326	True	0	0.65301	0.34699	0.0
MonitoringTutorialDataset_1086	False	0	0.99648	0.00352	0.0
MonitoringTutorialDataset_3262	True	1	0.25239	0.74761	0.0
MonitoringTutorialDataset_0341	True	1	0.04231	0.95769	0.0
MonitoringTutorialDataset_0147	True	1	0.00017	0.99983	0.0
MonitoringTutorialDataset_3160	False	1	0.00329	0.99671	0.0
MonitoringTutorialDataset_0848	True	1	1e-05	0.99999	0.0
MonitoringTutorialDataset_0966	True	1	0.07211	0.92789	0.0
MonitoringTutorialDataset_2203	False	1	0.03436	0.96564	0.0
MonitoringTutorialDataset_0661	True	1	0.00053	0.99947	0.0
MonitoringTutorialDataset_3164	True	1	0.03403	0.96597	0.0
MonitoringTutorialDataset_3823	False	1	0.00355	0.99645	0.0
MonitoringTutorialDataset_3662	True	1	2e-05	0.99998	0.0
MonitoringTutorialDataset_0938	False	0	0.64904	0.35096	0.0
MonitoringTutorialDataset_2394	False	1	0.00381	0.99619	0.0
MonitoringTutorialDataset_3395	True	1	0.00468	0.99532	0.0
MonitoringTutorialDataset_0385	False	0	0.99956	0.00044	0.0
MonitoringTutorialDataset_3103	True	1	0.0	1.0	0.0
MonitoringTutorialDataset_3760	True	1	1e-05	0.99999	0.0
MonitoringTutorialDataset_2971	True	1	0.00097	0.99903	0.0
MonitoringTutorialDataset_2291	True	1	0.09779	0.90221	0.0
MonitoringTutorialDataset_2865	True	1	0.30459	0.69541	0.0
MonitoringTutorialDataset_3502	True	1	0.15727	0.84273	0.0
MonitoringTutorialDataset_2708	True	1	0.21945	0.78055	0.0
MonitoringTutorialDataset_2418	True	1	0.00273	0.99727	0.0
MonitoringTutorialDataset_0566	False	0	0.95391	0.04609	0.0
MonitoringTutorialDataset_1854	True	1	0.00328	0.99672	0.0
MonitoringTutorialDataset_1645	True	1	0.09145	0.90855	0.0
MonitoringTutorialDataset_2868	False	0	0.99794	0.00206	0.0
MonitoringTutorialDataset_1430	False	0	0.84697	0.15303	0.0
MonitoringTutorialDataset_1013	False	0	0.90381	0.09619	0.0
MonitoringTutorialDataset_0355	False	0	0.98606	0.01394	0.0
MonitoringTutorialDataset_0984	True	1	0.17913	0.82087	0.0
MonitoringTutorialDataset_2188	True	1	0.08625	0.91375	0.0
MonitoringTutorialDataset_3807	True	0	0.63597	0.36403	0.0
MonitoringTutorialDataset_2443	False	0	0.6229	0.3771	0.0
MonitoringTutorialDataset_2349	False	0	0.53924	0.46076	0.0
MonitoringTutorialDataset_2784	True	1	4e-05	0.99996	0.0
MonitoringTutorialDataset_0711	True	1	0.00914	0.99086	0.0
MonitoringTutorialDataset_2990	True	1	0.22593	0.77407	0.0
MonitoringTutorialDataset_0010	False	1	0.01325	0.98675	0.0
MonitoringTutorialDataset_3263	True	0	0.6438	0.3562	0.0
MonitoringTutorialDataset_1834	True	0	0.72058	0.27942	0.0
MonitoringTutorialDataset_4039	True	1	0.00326	0.99674	0.0
MonitoringTutorialDataset_0129	True	1	0.00027	0.99973	0.0
MonitoringTutorialDataset_3949	False	0	0.94448	0.05552	0.0
MonitoringTutorialDataset_2263	False	0	0.98147	0.01853	0.0
MonitoringTutorialDataset_1900	True	0	0.64572	0.35428	0.0
MonitoringTutorialDataset_3238	False	0	0.96832	0.03168	0.0
MonitoringTutorialDataset_2243	True	1	0.00013	0.99987	0.0
MonitoringTutorialDataset_3931	True	0	0.82146	0.17854	0.0
MonitoringTutorialDataset_1120	True	1	0.27029	0.72971	0.0
MonitoringTutorialDataset_2597	True	1	0.03114	0.96886	0.0
MonitoringTutorialDataset_2204	True	1	0.00136	0.99864	0.0
MonitoringTutorialDataset_3608	True	0	0.65627	0.34373	0.0
MonitoringTutorialDataset_0477	False	0	0.98933	0.01067	0.0
MonitoringTutorialDataset_2035	False	1	0.00363	0.99637	0.0
MonitoringTutorialDataset_4006	False	1	0.05345	0.94655	0.0
MonitoringTutorialDataset_1692	True	1	0.02103	0.97897	0.0
MonitoringTutorialDataset_1471	False	1	0.0221	0.9779	0.0
MonitoringTutorialDataset_1202	True	1	0.00017	0.99983	0.0
MonitoringTutorialDataset_1669	False	1	0.05377	0.94623	0.0
MonitoringTutorialDataset_1970	True	1	0.29631	0.70369	0.0
MonitoringTutorialDataset_3613	True	1	0.04942	0.95058	0.0
MonitoringTutorialDataset_2190	True	1	5e-05	0.99995	0.0
MonitoringTutorialDataset_1888	False	0	0.92337	0.07663	0.0
MonitoringTutorialDataset_0615	True	0	0.73617	0.26383	0.0
MonitoringTutorialDataset_1318	True	0	0.5406	0.4594	0.0
MonitoringTutorialDataset_2136	True	1	0.0004	0.9996	0.0
MonitoringTutorialDataset_1772	False	0	0.54677	0.45323	0.0
MonitoringTutorialDataset_4014	False	1	0.00191	0.99809	0.0
MonitoringTutorialDataset_3746	False	0	0.99493	0.00507	0.0
MonitoringTutorialDataset_0077	False	1	0.21613	0.78387	0.0
MonitoringTutorialDataset_0724	True	1	0.02969	0.97031	0.0
MonitoringTutorialDataset_1314	False	0	0.99473	0.00527	0.0
MonitoringTutorialDataset_3974	False	1	0.3838	0.6162	0.0
MonitoringTutorialDataset_1372	True	1	0.00478	0.99522	0.0
MonitoringTutorialDataset_2560	False	0	0.98706	0.01294	0.0
MonitoringTutorialDataset_3882	False	1	0.17892	0.82108	0.0
MonitoringTutorialDataset_2932	False	0	0.93466	0.06534	0.0
MonitoringTutorialDataset_0375	False	1	0.00419	0.99581	0.0
MonitoringTutorialDataset_2365	False	0	0.98895	0.01105	0.0
MonitoringTutorialDataset_3847	True	0	0.8308	0.1692	0.0
MonitoringTutorialDataset_3462	False	0	0.79789	0.20211	0.0
MonitoringTutorialDataset_3074	False	0	0.88127	0.11873	0.0
MonitoringTutorialDataset_4008	False	1	0.12127	0.87873	0.0
MonitoringTutorialDataset_1342	True	0	0.99806	0.00194	0.0
MonitoringTutorialDataset_0320	False	0	0.92814	0.07186	0.0
MonitoringTutorialDataset_3844	True	1	0.15014	0.84986	0.0
MonitoringTutorialDataset_1673	True	1	0.00094	0.99906	0.0
MonitoringTutorialDataset_1942	False	0	0.9998	0.0002	0.0
MonitoringTutorialDataset_0260	False	0	0.92732	0.07268	0.0
MonitoringTutorialDataset_2039	True	1	0.27998	0.72002	0.0
MonitoringTutorialDataset_0689	False	0	0.98558	0.01442	0.0
MonitoringTutorialDataset_2306	True	0	0.99281	0.00719	0.0
MonitoringTutorialDataset_2026	True	0	0.96926	0.03074	0.0
MonitoringTutorialDataset_0138	True	1	0.00145	0.99855	0.0
MonitoringTutorialDataset_1828	True	0	0.72249	0.27751	0.0
MonitoringTutorialDataset_1573	True	1	0.08995	0.91005	0.0
MonitoringTutorialDataset_2137	True	1	0.13509	0.86491	0.0
MonitoringTutorialDataset_3626	True	1	0.01739	0.98261	0.0
MonitoringTutorialDataset_0558	True	1	0.00051	0.99949	0.0
MonitoringTutorialDataset_0531	False	1	0.00079	0.99921	0.0
MonitoringTutorialDataset_0723	True	1	0.08868	0.91132	0.0
MonitoringTutorialDataset_3489	True	1	0.01354	0.98646	0.0
MonitoringTutorialDataset_1433	True	1	0.13035	0.86965	0.0
MonitoringTutorialDataset_3240	True	0	0.81606	0.18394	0.0
MonitoringTutorialDataset_3670	True	1	0.00488	0.99512	0.0
MonitoringTutorialDataset_2762	True	1	0.32456	0.67544	0.0
MonitoringTutorialDataset_2021	True	1	0.48949	0.51051	0.0
MonitoringTutorialDataset_1629	True	1	0.00015	0.99985	0.0
MonitoringTutorialDataset_0645	True	0	0.65588	0.34412	0.0
MonitoringTutorialDataset_0467	True	0	0.51198	0.48802	0.0
MonitoringTutorialDataset_1246	True	1	0.00495	0.99505	0.0
MonitoringTutorialDataset_0919	True	1	0.47412	0.52588	0.0
MonitoringTutorialDataset_0228	True	0	0.87206	0.12794	0.0
MonitoringTutorialDataset_3082	False	1	0.21589	0.78411	0.0
MonitoringTutorialDataset_3022	False	0	0.99805	0.00195	0.0
MonitoringTutorialDataset_2890	True	1	0.04508	0.95492	0.0
MonitoringTutorialDataset_2671	True	0	0.58578	0.41422	0.0
MonitoringTutorialDataset_1526	False	1	0.08202	0.91798	0.0
MonitoringTutorialDataset_1605	True	1	0.00051	0.99949	0.0
MonitoringTutorialDataset_3176	False	1	0.10375	0.89625	0.0
MonitoringTutorialDataset_1975	True	1	0.12582	0.87418	0.0
MonitoringTutorialDataset_1761	True	1	0.00025	0.99975	0.0
MonitoringTutorialDataset_1305	True	1	0.0123	0.9877	0.0
MonitoringTutorialDataset_3535	False	0	0.99193	0.00807	0.0
MonitoringTutorialDataset_2472	True	0	0.6413	0.3587	0.0
MonitoringTutorialDataset_2795	True	1	0.00203	0.99797	0.0
MonitoringTutorialDataset_0110	True	1	0.00126	0.99874	0.0
MonitoringTutorialDataset_2275	True	0	0.75338	0.24662	0.0
MonitoringTutorialDataset_1169	False	1	0.01403	0.98597	0.0
MonitoringTutorialDataset_0232	True	1	0.01861	0.98139	0.0
MonitoringTutorialDataset_3677	False	0	0.99769	0.00231	0.0
MonitoringTutorialDataset_2072	True	1	0.42182	0.57818	0.0
MonitoringTutorialDataset_2192	True	1	0.14793	0.85207	0.0
MonitoringTutorialDataset_0536	True	1	0.02496	0.97504	0.0
MonitoringTutorialDataset_2859	False	0	0.99959	0.00041	0.0
MonitoringTutorialDataset_0125	False	1	0.18408	0.81592	0.0
MonitoringTutorialDataset_1976	True	1	0.07874	0.92126	0.0
MonitoringTutorialDataset_0484	True	1	0.00491	0.99509	0.0
MonitoringTutorialDataset_3635	False	1	0.37943	0.62057	0.0
MonitoringTutorialDataset_3658	True	1	0.06421	0.93579	0.0
MonitoringTutorialDataset_1026	False	1	2e-05	0.99998	0.0
MonitoringTutorialDataset_0882	False	0	0.9888	0.0112	0.0
MonitoringTutorialDataset_0364	True	1	0.00964	0.99036	0.0
MonitoringTutorialDataset_0473	True	1	0.04316	0.95684	0.0
MonitoringTutorialDataset_0055	True	1	0.00243	0.99757	0.0
MonitoringTutorialDataset_0638	False	0	0.97419	0.02581	0.0
MonitoringTutorialDataset_1280	True	1	0.00127	0.99873	0.0
MonitoringTutorialDataset_2851	True	1	0.00234	0.99766	0.0
MonitoringTutorialDataset_0336	True	1	0.01207	0.98793	0.0
MonitoringTutorialDataset_2397	True	1	0.03627	0.96373	0.0
MonitoringTutorialDataset_1079	True	1	0.00793	0.99207	0.0
MonitoringTutorialDataset_2286	False	1	0.00946	0.99054	0.0
MonitoringTutorialDataset_2296	False	1	0.073	0.927	0.0
MonitoringTutorialDataset_1753	True	1	0.01316	0.98684	0.0
MonitoringTutorialDataset_3725	True	1	0.00059	0.99941	0.0
MonitoringTutorialDataset_2885	True	1	0.08804	0.91196	0.0
MonitoringTutorialDataset_2581	True	0	0.9009	0.0991	0.0
MonitoringTutorialDataset_0603	False	0	0.65423	0.34577	0.0
MonitoringTutorialDataset_0060	False	1	0.02652	0.97348	0.0
MonitoringTutorialDataset_0092	False	0	0.75206	0.24794	0.0
MonitoringTutorialDataset_0666	True	0	0.8228	0.1772	0.0
MonitoringTutorialDataset_1887	False	0	0.60822	0.39178	0.0
MonitoringTutorialDataset_3078	True	1	0.00056	0.99944	0.0
MonitoringTutorialDataset_0359	True	0	0.87364	0.12636	0.0
MonitoringTutorialDataset_3126	True	1	0.00358	0.99642	0.0
MonitoringTutorialDataset_0068	True	0	0.78465	0.21535	0.0
MonitoringTutorialDataset_3086	True	1	0.0	1.0	0.0
MonitoringTutorialDataset_3218	True	1	0.08667	0.91333	0.0
MonitoringTutorialDataset_2231	False	1	0.00248	0.99752	0.0
MonitoringTutorialDataset_0137	True	1	0.4185	0.5815	0.0
MonitoringTutorialDataset_0796	False	0	0.97775	0.02225	0.0
MonitoringTutorialDataset_2128	False	0	0.57572	0.42428	0.0
MonitoringTutorialDataset_1019	True	1	0.24955	0.75045	0.0
MonitoringTutorialDataset_3144	True	1	0.2044	0.7956	0.0
MonitoringTutorialDataset_3031	True	0	0.81852	0.18148	0.0
MonitoringTutorialDataset_0248	True	1	0.04755	0.95245	0.0
MonitoringTutorialDataset_1331	False	1	0.01634	0.98366	0.0
MonitoringTutorialDataset_2482	True	1	0.20824	0.79176	0.0
MonitoringTutorialDataset_2906	False	1	0.02663	0.97337	0.0
MonitoringTutorialDataset_1329	False	1	0.23455	0.76545	0.0
MonitoringTutorialDataset_4055	True	0	0.98682	0.01318	0.0
MonitoringTutorialDataset_3955	False	0	0.96189	0.03811	0.0
MonitoringTutorialDataset_2122	True	1	0.00713	0.99287	0.0
MonitoringTutorialDataset_0577	True	1	0.00857	0.99143	0.0
MonitoringTutorialDataset_2900	True	1	3e-05	0.99997	0.0
MonitoringTutorialDataset_3232	True	1	0.29554	0.70446	0.0
MonitoringTutorialDataset_3897	False	1	0.00613	0.99387	0.0
MonitoringTutorialDataset_3724	False	1	0.05124	0.94876	0.0
MonitoringTutorialDataset_2448	True	1	0.46099	0.53901	0.0
MonitoringTutorialDataset_1848	False	0	0.98681	0.01319	0.0
MonitoringTutorialDataset_0388	False	0	0.96758	0.03242	0.0
MonitoringTutorialDataset_0267	True	0	0.79318	0.20682	0.0
MonitoringTutorialDataset_2165	True	1	0.21579	0.78421	0.0
MonitoringTutorialDataset_2081	True	1	0.00176	0.99824	0.0
MonitoringTutorialDataset_3554	False	0	0.99819	0.00181	0.0
MonitoringTutorialDataset_3721	True	1	0.3412	0.6588	0.0
MonitoringTutorialDataset_0448	False	0	0.91315	0.08685	0.0
MonitoringTutorialDataset_3871	False	1	0.14253	0.85747	0.0
MonitoringTutorialDataset_3550	True	1	0.00195	0.99805	0.0
MonitoringTutorialDataset_1901	True	0	0.657	0.343	0.0
MonitoringTutorialDataset_3816	False	0	0.93761	0.06239	0.0
MonitoringTutorialDataset_2724	True	1	0.00438	0.99562	0.0
MonitoringTutorialDataset_3044	True	0	0.98926	0.01074	0.0
MonitoringTutorialDataset_3094	True	0	0.9823	0.0177	0.0
MonitoringTutorialDataset_1460	False	0	0.61635	0.38365	0.0
MonitoringTutorialDataset_0475	True	1	0.00036	0.99964	0.0
MonitoringTutorialDataset_3519	True	1	0.10769	0.89231	0.0
MonitoringTutorialDataset_0404	True	1	0.12641	0.87359	0.0
MonitoringTutorialDataset_2152	True	1	0.49985	0.50015	0.0
MonitoringTutorialDataset_0688	True	0	0.75191	0.24809	0.0
MonitoringTutorialDataset_0062	True	1	0.04593	0.95407	0.0
MonitoringTutorialDataset_0852	True	0	0.69553	0.30447	0.0
MonitoringTutorialDataset_4063	False	0	0.963	0.037	0.0
MonitoringTutorialDataset_1262	True	1	0.16952	0.83048	0.0
MonitoringTutorialDataset_2193	True	1	0.0	1.0	0.0
MonitoringTutorialDataset_0373	False	0	0.81882	0.18118	0.0
MonitoringTutorialDataset_3654	False	1	7e-05	0.99993	0.0
MonitoringTutorialDataset_3525	False	0	0.99386	0.00614	0.0
MonitoringTutorialDataset_3885	True	1	0.10834	0.89166	0.0
MonitoringTutorialDataset_1838	True	0	0.93057	0.06943	0.0
MonitoringTutorialDataset_0708	True	1	0.01628	0.98372	0.0
MonitoringTutorialDataset_2930	True	1	0.05165	0.94835	0.0
MonitoringTutorialDataset_1617	True	0	0.62165	0.37835	0.0
MonitoringTutorialDataset_2956	False	0	0.99616	0.00384	0.0
MonitoringTutorialDataset_0924	True	1	0.06699	0.93301	0.0
MonitoringTutorialDataset_2036	False	0	0.95625	0.04375	0.0
MonitoringTutorialDataset_1224	True	0	0.96767	0.03233	0.0
MonitoringTutorialDataset_2549	True	1	0.00038	0.99962	0.0
MonitoringTutorialDataset_1946	False	0	0.98293	0.01707	0.0
MonitoringTutorialDataset_2745	False	0	0.99687	0.00313	0.0
MonitoringTutorialDataset_3401	True	1	0.39579	0.60421	0.0
MonitoringTutorialDataset_1031	False	1	0.0216	0.9784	0.0
MonitoringTutorialDataset_0372	True	1	0.02164	0.97836	0.0
MonitoringTutorialDataset_3019	False	0	0.94517	0.05483	0.0
MonitoringTutorialDataset_2783	True	0	0.87132	0.12868	0.0
MonitoringTutorialDataset_1353	False	1	0.00176	0.99824	0.0
MonitoringTutorialDataset_3018	True	1	0.0004	0.9996	0.0
MonitoringTutorialDataset_1396	False	1	0.19962	0.80038	0.0
MonitoringTutorialDataset_1549	True	1	0.03888	0.96112	0.0
MonitoringTutorialDataset_1256	False	0	0.99753	0.00247	0.0
MonitoringTutorialDataset_2094	True	1	0.01464	0.98536	0.0
MonitoringTutorialDataset_1555	True	1	0.22335	0.77665	0.0
MonitoringTutorialDataset_1699	True	1	0.03251	0.96749	0.0
MonitoringTutorialDataset_3755	False	1	0.18205	0.81795	0.0
MonitoringTutorialDataset_2933	False	0	0.92415	0.07585	0.0
MonitoringTutorialDataset_1172	True	1	0.07288	0.92712	0.0
MonitoringTutorialDataset_0814	True	1	0.01051	0.98949	0.0
MonitoringTutorialDataset_1852	False	1	0.1163	0.8837	0.0
MonitoringTutorialDataset_2220	True	1	0.05405	0.94595	0.0
MonitoringTutorialDataset_3567	False	0	0.99262	0.00738	0.0
MonitoringTutorialDataset_2105	True	1	0.3295	0.6705	0.0
MonitoringTutorialDataset_0928	False	1	0.48327	0.51673	0.0
MonitoringTutorialDataset_0823	True	0	0.96545	0.03455	0.0
MonitoringTutorialDataset_4033	False	0	0.93077	0.06923	0.0
MonitoringTutorialDataset_1996	True	1	0.16791	0.83209	0.0
MonitoringTutorialDataset_1958	True	1	0.24038	0.75962	0.0
MonitoringTutorialDataset_0894	True	1	0.11384	0.88616	0.0
MonitoringTutorialDataset_0828	True	1	0.00389	0.99611	0.0
MonitoringTutorialDataset_2523	False	1	0.18594	0.81406	0.0
MonitoringTutorialDataset_1683	False	0	0.5525	0.4475	0.0
MonitoringTutorialDataset_3494	True	1	0.00084	0.99916	0.0
MonitoringTutorialDataset_0652	False	0	0.94417	0.05583	0.0
MonitoringTutorialDataset_0172	True	0	0.9132	0.0868	0.0
MonitoringTutorialDataset_4021	True	1	0.00226	0.99774	0.0
MonitoringTutorialDataset_0713	True	1	0.00194	0.99806	0.0
MonitoringTutorialDataset_0090	True	1	0.13873	0.86127	0.0
MonitoringTutorialDataset_1205	True	1	0.19196	0.80804	0.0
MonitoringTutorialDataset_2923	False	0	0.87444	0.12556	0.0
MonitoringTutorialDataset_4080	True	0	0.56139	0.43861	0.0
MonitoringTutorialDataset_1827	False	1	0.14373	0.85627	0.0
MonitoringTutorialDataset_1324	True	0	0.87462	0.12538	0.0
MonitoringTutorialDataset_0216	False	1	0.00208	0.99792	0.0
MonitoringTutorialDataset_0510	False	1	0.14065	0.85935	0.0
MonitoringTutorialDataset_3470	False	0	0.58433	0.41567	0.0
MonitoringTutorialDataset_1388	False	0	0.74222	0.25778	0.0
MonitoringTutorialDataset_1519	False	0	0.95739	0.04261	0.0
MonitoringTutorialDataset_2386	False	0	0.99415	0.00585	0.0
MonitoringTutorialDataset_3804	True	1	0.00441	0.99559	0.0
MonitoringTutorialDataset_3894	True	1	0.05756	0.94244	0.0
MonitoringTutorialDataset_1416	False	0	0.99897	0.00103	0.0
MonitoringTutorialDataset_1676	True	0	0.87818	0.12182	0.0
MonitoringTutorialDataset_2539	True	1	0.03741	0.96259	0.0
MonitoringTutorialDataset_3080	False	1	0.07647	0.92353	0.0
MonitoringTutorialDataset_0750	False	0	0.86695	0.13305	0.0
MonitoringTutorialDataset_2705	True	1	0.11038	0.88962	0.0
MonitoringTutorialDataset_4070	False	0	0.85236	0.14764	0.0
MonitoringTutorialDataset_3771	True	0	0.94045	0.05955	0.0
MonitoringTutorialDataset_1156	False	1	0.31969	0.68031	0.0
MonitoringTutorialDataset_3441	True	1	0.00195	0.99805	0.0
MonitoringTutorialDataset_2445	True	1	0.0	1.0	0.0
MonitoringTutorialDataset_2982	True	1	0.17223	0.82777	0.0
MonitoringTutorialDataset_1065	True	0	0.9534	0.0466	0.0
MonitoringTutorialDataset_2156	True	1	0.00317	0.99683	0.0
MonitoringTutorialDataset_1167	False	0	0.79173	0.20827	0.0
MonitoringTutorialDataset_3222	True	1	0.02699	0.97301	0.0
MonitoringTutorialDataset_1492	False	0	0.96654	0.03346	0.0
MonitoringTutorialDataset_2995	False	1	0.31091	0.68909	0.0
MonitoringTutorialDataset_3096	True	1	0.15805	0.84195	0.0
MonitoringTutorialDataset_3350	True	0	0.50719	0.49281	0.0
MonitoringTutorialDataset_3140	True	0	0.99931	0.00069	0.0
MonitoringTutorialDataset_0143	True	1	0.00035	0.99965	0.0
MonitoringTutorialDataset_0850	True	0	0.88561	0.11439	0.0
MonitoringTutorialDataset_3863	True	1	0.20447	0.79553	0.0
MonitoringTutorialDataset_2502	True	1	0.09812	0.90188	0.0
MonitoringTutorialDataset_0395	True	1	0.00051	0.99949	0.0
MonitoringTutorialDataset_3453	True	1	0.00563	0.99437	0.0
MonitoringTutorialDataset_3801	False	1	0.00336	0.99664	0.0
MonitoringTutorialDataset_1365	True	0	0.54255	0.45745	0.0
MonitoringTutorialDataset_3386	False	0	0.86999	0.13001	0.0
MonitoringTutorialDataset_1903	False	0	0.92429	0.07571	0.0
MonitoringTutorialDataset_0595	True	1	0.00319	0.99681	0.0
MonitoringTutorialDataset_2109	True	1	0.26666	0.73334	0.0
MonitoringTutorialDataset_1296	True	1	0.03737	0.96263	0.0
MonitoringTutorialDataset_1821	False	0	0.97981	0.02019	0.0
MonitoringTutorialDataset_0872	False	0	0.80168	0.19832	0.0
MonitoringTutorialDataset_3956	False	0	0.96577	0.03423	0.0
MonitoringTutorialDataset_0036	False	0	0.95513	0.04487	0.0
MonitoringTutorialDataset_0977	True	1	0.13001	0.86999	0.0
MonitoringTutorialDataset_2967	False	0	0.50854	0.49146	0.0
MonitoringTutorialDataset_1892	True	0	0.96288	0.03712	0.0
MonitoringTutorialDataset_2808	True	0	0.81152	0.18848	0.0
MonitoringTutorialDataset_3068	False	1	0.01572	0.98428	0.0
MonitoringTutorialDataset_3647	False	1	0.00619	0.99381	0.0
MonitoringTutorialDataset_0412	True	1	0.34726	0.65274	0.0
MonitoringTutorialDataset_1649	True	1	0.07245	0.92755	0.0
MonitoringTutorialDataset_3069	True	0	0.80997	0.19003	0.0
MonitoringTutorialDataset_1625	False	0	0.99849	0.00151	0.0
MonitoringTutorialDataset_2652	True	1	0.0006	0.9994	0.0
MonitoringTutorialDataset_2896	True	0	0.62958	0.37042	0.0
MonitoringTutorialDataset_3553	True	1	0.0957	0.9043	0.0
MonitoringTutorialDataset_2546	True	0	0.97	0.03	0.0
MonitoringTutorialDataset_0011	True	1	0.00041	0.99959	0.0
MonitoringTutorialDataset_0284	True	1	0.00732	0.99268	0.0
MonitoringTutorialDataset_1191	False	0	0.54961	0.45039	0.0
MonitoringTutorialDataset_1568	False	0	0.98288	0.01712	0.0
MonitoringTutorialDataset_2427	True	1	0.2103	0.7897	0.0
MonitoringTutorialDataset_3497	True	1	0.49943	0.50057	0.0
MonitoringTutorialDataset_2305	False	1	0.04839	0.95161	0.0
MonitoringTutorialDataset_0335	False	1	0.0022	0.9978	0.0
MonitoringTutorialDataset_2839	True	1	4e-05	0.99996	0.0
MonitoringTutorialDataset_3087	False	1	0.11194	0.88806	0.0
MonitoringTutorialDataset_0515	True	1	0.00683	0.99317	0.0
MonitoringTutorialDataset_1348	True	1	0.38896	0.61104	0.0
MonitoringTutorialDataset_3819	True	1	0.00076	0.99924	0.0
MonitoringTutorialDataset_3812	True	0	0.98211	0.01789	0.0
MonitoringTutorialDataset_2809	False	0	0.79715	0.20285	0.0
MonitoringTutorialDataset_3251	False	1	0.00722	0.99278	0.0
MonitoringTutorialDataset_3491	True	1	0.22366	0.77634	0.0
MonitoringTutorialDataset_4065	True	0	0.57499	0.42501	0.0
MonitoringTutorialDataset_2070	True	1	0.00025	0.99975	0.0
MonitoringTutorialDataset_0356	True	1	0.00102	0.99898	0.0
MonitoringTutorialDataset_3877	True	1	0.00033	0.99967	0.0
MonitoringTutorialDataset_3325	True	1	0.0614	0.9386	0.0
MonitoringTutorialDataset_0550	True	1	0.11623	0.88377	0.0
MonitoringTutorialDataset_2479	True	1	0.00692	0.99308	0.0
MonitoringTutorialDataset_2521	True	0	0.77275	0.22725	0.0
MonitoringTutorialDataset_2959	True	1	0.15823	0.84177	0.0
MonitoringTutorialDataset_3641	False	0	0.99969	0.00031	0.0
MonitoringTutorialDataset_3059	False	1	0.04613	0.95387	0.0
MonitoringTutorialDataset_0957	False	0	0.9843	0.0157	0.0
MonitoringTutorialDataset_1773	False	1	0.00012	0.99988	0.0
MonitoringTutorialDataset_3630	True	1	0.00276	0.99724	0.0
MonitoringTutorialDataset_3864	False	0	0.97856	0.02144	0.0
MonitoringTutorialDataset_3147	True	1	0.00153	0.99847	0.0
MonitoringTutorialDataset_2908	True	0	0.92034	0.07966	0.0
MonitoringTutorialDataset_0580	False	1	0.05767	0.94233	0.0
MonitoringTutorialDataset_1470	True	1	0.03936	0.96064	0.0
MonitoringTutorialDataset_3343	False	0	0.64843	0.35157	0.0
MonitoringTutorialDataset_0896	True	1	0.02298	0.97702	0.0
MonitoringTutorialDataset_1141	True	1	0.01506	0.98494	0.0
MonitoringTutorialDataset_1119	True	1	7e-05	0.99993	0.0
MonitoringTutorialDataset_0633	True	0	0.65244	0.34756	0.0
MonitoringTutorialDataset_3814	True	1	0.03546	0.96454	0.0
MonitoringTutorialDataset_0740	True	1	0.42019	0.57981	0.0
MonitoringTutorialDataset_3751	False	1	0.48144	0.51856	0.0
MonitoringTutorialDataset_0830	False	0	0.97235	0.02765	0.0
MonitoringTutorialDataset_0119	True	1	0.01458	0.98542	0.0
MonitoringTutorialDataset_3657	True	1	0.06673	0.93327	0.0
MonitoringTutorialDataset_0635	True	1	0.0037	0.9963	0.0
MonitoringTutorialDataset_2703	True	1	0.19002	0.80998	0.0
MonitoringTutorialDataset_2870	True	1	0.00896	0.99104	0.0
MonitoringTutorialDataset_0046	False	1	0.01641	0.98359	0.0
MonitoringTutorialDataset_0991	True	1	0.00155	0.99845	0.0
MonitoringTutorialDataset_0876	False	0	0.98291	0.01709	0.0
MonitoringTutorialDataset_0004	False	0	0.64185	0.35815	0.0
MonitoringTutorialDataset_1595	False	1	0.36325	0.63675	0.0
MonitoringTutorialDataset_3040	True	1	0.27416	0.72584	0.0
MonitoringTutorialDataset_2491	True	1	0.03262	0.96738	0.0
MonitoringTutorialDataset_1077	False	0	0.95343	0.04657	0.0
MonitoringTutorialDataset_0837	True	1	0.01489	0.98511	0.0
MonitoringTutorialDataset_2352	False	0	0.72288	0.27712	0.0
MonitoringTutorialDataset_3413	False	1	0.15024	0.84976	0.0
MonitoringTutorialDataset_2197	False	0	0.97089	0.02911	0.0
MonitoringTutorialDataset_0574	False	1	0.05459	0.94541	0.0
MonitoringTutorialDataset_1982	True	1	0.00846	0.99154	0.0
MonitoringTutorialDataset_3425	True	1	0.04595	0.95405	0.0
MonitoringTutorialDataset_1115	False	0	0.77682	0.22318	0.0
MonitoringTutorialDataset_1166	True	1	0.00317	0.99683	0.0
MonitoringTutorialDataset_2518	False	0	0.99239	0.00761	0.0
MonitoringTutorialDataset_1906	True	1	3e-05	0.99997	0.0
MonitoringTutorialDataset_2701	True	1	0.01193	0.98807	0.0
MonitoringTutorialDataset_0399	True	1	0.30241	0.69759	0.0
MonitoringTutorialDataset_0019	False	1	0.38331	0.61669	0.0
MonitoringTutorialDataset_0684	False	0	0.99023	0.00977	0.0
MonitoringTutorialDataset_2875	True	1	0.00381	0.99619	0.0
MonitoringTutorialDataset_0537	False	0	0.71546	0.28454	0.0
MonitoringTutorialDataset_3110	True	1	0.0031	0.9969	0.0
MonitoringTutorialDataset_3175	False	1	0.45848	0.54152	0.0
MonitoringTutorialDataset_1409	True	1	0.18886	0.81114	0.0
MonitoringTutorialDataset_2537	True	1	0.00186	0.99814	0.0
MonitoringTutorialDataset_0154	False	0	0.75536	0.24464	0.0
MonitoringTutorialDataset_0625	True	1	0.01848	0.98152	0.0
MonitoringTutorialDataset_1346	False	1	0.01736	0.98264	0.0
MonitoringTutorialDataset_3987	True	1	0.0	1.0	0.0
MonitoringTutorialDataset_1758	True	1	0.22364	0.77636	0.0
MonitoringTutorialDataset_0127	True	1	0.08358	0.91642	0.0
MonitoringTutorialDataset_2006	True	0	0.98804	0.01196	0.0
MonitoringTutorialDataset_4046	True	1	7e-05	0.99993	0.0
MonitoringTutorialDataset_0190	True	0	0.98069	0.01931	0.0
MonitoringTutorialDataset_1139	True	1	0.07186	0.92814	0.0
MonitoringTutorialDataset_0992	False	0	0.62107	0.37893	0.0
MonitoringTutorialDataset_0301	True	0	0.81357	0.18643	0.0
MonitoringTutorialDataset_2544	True	1	0.01144	0.98856	0.0
MonitoringTutorialDataset_3965	True	0	0.94894	0.05106	0.0
MonitoringTutorialDataset_1060	True	1	0.03982	0.96018	0.0
MonitoringTutorialDataset_2565	False	0	0.96618	0.03382	0.0
MonitoringTutorialDataset_2524	True	1	0.00035	0.99965	0.0
MonitoringTutorialDataset_2205	False	0	0.62644	0.37356	0.0
MonitoringTutorialDataset_1243	True	1	8e-05	0.99992	0.0
MonitoringTutorialDataset_3583	False	1	0.38357	0.61643	0.0
MonitoringTutorialDataset_4053	False	1	0.04381	0.95619	0.0
MonitoringTutorialDataset_3673	False	0	0.99867	0.00133	0.0
MonitoringTutorialDataset_1504	True	1	0.0016	0.9984	0.0
MonitoringTutorialDataset_2926	False	1	0.01387	0.98613	0.0
MonitoringTutorialDataset_0225	False	1	0.00338	0.99662	0.0
MonitoringTutorialDataset_3354	True	1	0.04979	0.95021	0.0
MonitoringTutorialDataset_2485	True	1	0.15821	0.84179	0.0
MonitoringTutorialDataset_2797	True	1	0.04494	0.95506	0.0
MonitoringTutorialDataset_3446	True	0	0.8648	0.1352	0.0
MonitoringTutorialDataset_2735	True	1	0.00485	0.99515	0.0
MonitoringTutorialDataset_3918	True	1	2e-05	0.99998	0.0
MonitoringTutorialDataset_3776	True	1	0.27993	0.72007	0.0
MonitoringTutorialDataset_1218	False	1	0.00075	0.99925	0.0
MonitoringTutorialDataset_1158	True	1	0.00042	0.99958	0.0
MonitoringTutorialDataset_1527	False	0	0.99754	0.00246	0.0
MonitoringTutorialDataset_3972	True	0	0.86896	0.13104	0.0
MonitoringTutorialDataset_1300	False	0	0.72447	0.27553	0.0
MonitoringTutorialDataset_3896	False	0	0.98798	0.01202	0.0
MonitoringTutorialDataset_2848	True	1	0.21118	0.78882	0.0
MonitoringTutorialDataset_1603	False	1	0.0837	0.9163	0.0
MonitoringTutorialDataset_0160	True	0	0.99288	0.00712	0.0
MonitoringTutorialDataset_1704	True	1	0.12977	0.87023	0.0
MonitoringTutorialDataset_1919	True	0	0.76334	0.23666	0.0
MonitoringTutorialDataset_2961	True	1	0.12932	0.87068	0.0
MonitoringTutorialDataset_0098	True	1	0.00248	0.99752	0.0
MonitoringTutorialDataset_2557	True	0	0.82494	0.17506	0.0
MonitoringTutorialDataset_0253	True	0	0.98464	0.01536	0.0
MonitoringTutorialDataset_1443	False	1	0.18612	0.81388	0.0
MonitoringTutorialDataset_1648	True	0	0.99355	0.00645	0.0
MonitoringTutorialDataset_0586	False	1	0.02331	0.97669	0.0
MonitoringTutorialDataset_0627	True	1	0.01318	0.98682	0.0
MonitoringTutorialDataset_3191	True	1	0.00288	0.99712	0.0
MonitoringTutorialDataset_2101	False	0	0.85097	0.14903	0.0
MonitoringTutorialDataset_2199	True	1	0.30061	0.69939	0.0
MonitoringTutorialDataset_1154	False	1	0.00089	0.99911	0.0
MonitoringTutorialDataset_2863	False	1	0.00485	0.99515	0.0
MonitoringTutorialDataset_3170	False	0	0.8563	0.1437	0.0
MonitoringTutorialDataset_3062	False	1	0.00114	0.99886	0.0
MonitoringTutorialDataset_3108	False	0	0.97666	0.02334	0.0
MonitoringTutorialDataset_1327	True	0	0.79662	0.20338	0.0
MonitoringTutorialDataset_0880	False	1	0.13445	0.86555	0.0
MonitoringTutorialDataset_3643	False	0	0.62871	0.37129	0.0
MonitoringTutorialDataset_1787	False	0	0.98577	0.01423	0.0
MonitoringTutorialDataset_0262	True	1	0.38185	0.61815	0.0
MonitoringTutorialDataset_1634	True	1	8e-05	0.99992	0.0
MonitoringTutorialDataset_3369	True	1	0.00446	0.99554	0.0
MonitoringTutorialDataset_2198	False	0	0.99307	0.00693	0.0
MonitoringTutorialDataset_2520	True	1	0.01362	0.98638	0.0
MonitoringTutorialDataset_1802	True	1	0.21839	0.78161	0.0
MonitoringTutorialDataset_0640	False	1	0.22842	0.77158	0.0
MonitoringTutorialDataset_4064	False	1	0.40137	0.59863	0.0
MonitoringTutorialDataset_2385	False	1	0.05403	0.94597	0.0
MonitoringTutorialDataset_2598	True	0	0.68014	0.31986	0.0
MonitoringTutorialDataset_3849	True	0	0.82713	0.17287	0.0
MonitoringTutorialDataset_0488	True	1	0.25592	0.74408	0.0
MonitoringTutorialDataset_1843	False	1	0.03098	0.96902	0.0
MonitoringTutorialDataset_1534	True	1	0.1608	0.8392	0.0
MonitoringTutorialDataset_3994	False	0	0.66166	0.33834	0.0
MonitoringTutorialDataset_0659	False	0	0.58965	0.41035	0.0
MonitoringTutorialDataset_1794	True	0	0.79359	0.20641	0.0
MonitoringTutorialDataset_2511	True	0	0.51065	0.48935	0.0
MonitoringTutorialDataset_3397	False	1	0.00056	0.99944	0.0
MonitoringTutorialDataset_3272	False	0	0.80894	0.19106	0.0
MonitoringTutorialDataset_2191	False	1	8e-05	0.99992	0.0
MonitoringTutorialDataset_2327	True	1	0.11413	0.88587	0.0
MonitoringTutorialDataset_0293	True	1	0.10148	0.89852	0.0
MonitoringTutorialDataset_3255	True	0	0.59168	0.40832	0.0
MonitoringTutorialDataset_0202	False	1	0.27115	0.72885	0.0
MonitoringTutorialDataset_0835	False	0	0.91232	0.08768	0.0
MonitoringTutorialDataset_1733	False	1	0.20232	0.79768	0.0
MonitoringTutorialDataset_1695	True	1	0.00487	0.99513	0.0
MonitoringTutorialDataset_1707	True	1	0.27094	0.72906	0.0
MonitoringTutorialDataset_3958	True	0	0.6429	0.3571	0.0
MonitoringTutorialDataset_1153	False	0	0.99995	5e-05	0.0
MonitoringTutorialDataset_1661	True	1	0.02558	0.97442	0.0
MonitoringTutorialDataset_3474	True	1	0.00134	0.99866	0.0
MonitoringTutorialDataset_2432	True	0	0.72308	0.27692	0.0
MonitoringTutorialDataset_0854	True	1	0.28463	0.71537	0.0
MonitoringTutorialDataset_2160	True	1	0.15661	0.84339	0.0
MonitoringTutorialDataset_0698	False	0	0.61958	0.38042	0.0
MonitoringTutorialDataset_3995	False	0	0.99013	0.00987	0.0
MonitoringTutorialDataset_3696	False	1	0.10106	0.89894	0.0
MonitoringTutorialDataset_1636	False	1	0.01763	0.98237	0.0
MonitoringTutorialDataset_3458	False	0	0.91238	0.08762	0.0
MonitoringTutorialDataset_2489	False	0	0.67873	0.32127	0.0
MonitoringTutorialDataset_3939	False	0	0.96501	0.03499	0.0
MonitoringTutorialDataset_3743	True	1	0.0086	0.9914	0.0
MonitoringTutorialDataset_3445	True	1	0.02169	0.97831	0.0
MonitoringTutorialDataset_3842	False	0	0.97546	0.02454	0.0
MonitoringTutorialDataset_0317	True	1	0.25824	0.74176	0.0
MonitoringTutorialDataset_0648	True	1	0.01622	0.98378	0.0
MonitoringTutorialDataset_1434	True	1	0.11034	0.88966	0.0
MonitoringTutorialDataset_0709	False	0	0.66226	0.33774	0.0
MonitoringTutorialDataset_0972	False	1	0.3009	0.6991	0.0
MonitoringTutorialDataset_2675	True	0	0.96206	0.03794	0.0
MonitoringTutorialDataset_2680	True	1	0.29247	0.70753	0.0
MonitoringTutorialDataset_1408	True	1	0.0231	0.9769	0.0
MonitoringTutorialDataset_3302	False	0	0.97885	0.02115	0.0
MonitoringTutorialDataset_1663	True	1	6e-05	0.99994	0.0
MonitoringTutorialDataset_3627	False	0	0.9345	0.0655	0.0
MonitoringTutorialDataset_1051	True	1	0.28523	0.71477	0.0
MonitoringTutorialDataset_2693	True	1	0.00184	0.99816	0.0
MonitoringTutorialDataset_3060	True	1	0.00011	0.99989	0.0
MonitoringTutorialDataset_2729	False	1	0.00022	0.99978	0.0
MonitoringTutorialDataset_1819	False	1	0.00808	0.99192	0.0
MonitoringTutorialDataset_1678	True	0	0.63921	0.36079	0.0
MonitoringTutorialDataset_2796	True	1	0.03886	0.96114	0.0
MonitoringTutorialDataset_3478	True	1	0.01319	0.98681	0.0
MonitoringTutorialDataset_2532	True	1	0.08102	0.91898	0.0
MonitoringTutorialDataset_1757	False	0	0.98668	0.01332	0.0
MonitoringTutorialDataset_0095	True	1	0.11673	0.88327	0.0
MonitoringTutorialDataset_1020	True	0	0.59503	0.40497	0.0
MonitoringTutorialDataset_3312	False	0	0.85115	0.14885	0.0
MonitoringTutorialDataset_3646	False	0	0.85914	0.14086	0.0
MonitoringTutorialDataset_1484	True	1	0.00163	0.99837	0.0
MonitoringTutorialDataset_1881	True	1	0.02481	0.97519	0.0
MonitoringTutorialDataset_1038	False	1	0.33302	0.66698	0.0
MonitoringTutorialDataset_2842	False	1	0.01169	0.98831	0.0
MonitoringTutorialDataset_0870	False	0	0.89728	0.10272	0.0
MonitoringTutorialDataset_0397	False	0	0.96512	0.03488	0.0
MonitoringTutorialDataset_3916	True	1	0.0044	0.9956	0.0
MonitoringTutorialDataset_3289	False	0	0.99386	0.00614	0.0
MonitoringTutorialDataset_1028	False	1	0.00271	0.99729	0.0
MonitoringTutorialDataset_3840	True	1	0.06555	0.93445	0.0
MonitoringTutorialDataset_1485	False	1	0.42546	0.57454	0.0
MonitoringTutorialDataset_2773	True	0	0.84851	0.15149	0.0
MonitoringTutorialDataset_2731	False	0	0.98802	0.01198	0.0
MonitoringTutorialDataset_2146	True	1	0.00423	0.99577	0.0
MonitoringTutorialDataset_0502	True	0	0.55648	0.44352	0.0
MonitoringTutorialDataset_0200	True	0	0.96548	0.03452	0.0
MonitoringTutorialDataset_2182	True	1	0.13944	0.86056	0.0
MonitoringTutorialDataset_3099	True	0	0.85848	0.14152	0.0
MonitoringTutorialDataset_3065	False	0	0.61876	0.38124	0.0
MonitoringTutorialDataset_3561	True	1	0.00157	0.99843	0.0
MonitoringTutorialDataset_1796	True	1	0.00171	0.99829	0.0
MonitoringTutorialDataset_2336	True	0	0.6221	0.3779	0.0
MonitoringTutorialDataset_1698	False	0	0.99909	0.00091	0.0
MonitoringTutorialDataset_1522	False	1	0.05664	0.94336	0.0
MonitoringTutorialDataset_1162	True	1	5e-05	0.99995	0.0
MonitoringTutorialDataset_2695	True	1	0.31161	0.68839	0.0
MonitoringTutorialDataset_1367	True	1	0.43678	0.56322	0.0
MonitoringTutorialDataset_3928	True	1	0.0099	0.9901	0.0
MonitoringTutorialDataset_0064	True	1	0.07479	0.92521	0.0
MonitoringTutorialDataset_3884	False	1	0.02854	0.97146	0.0
MonitoringTutorialDataset_1180	True	1	0.0	1.0	0.0
MonitoringTutorialDataset_3112	True	1	0.00937	0.99063	0.0
MonitoringTutorialDataset_0492	False	0	0.56137	0.43863	0.0
MonitoringTutorialDataset_2235	True	1	7e-05	0.99993	0.0
MonitoringTutorialDataset_2264	True	1	0.00016	0.99984	0.0
MonitoringTutorialDataset_0791	True	1	0.15045	0.84955	0.0
MonitoringTutorialDataset_0878	False	1	0.44729	0.55271	0.0
MonitoringTutorialDataset_2767	True	1	0.09608	0.90392	0.0
MonitoringTutorialDataset_3796	True	1	0.00202	0.99798	0.0
MonitoringTutorialDataset_3773	False	1	8e-05	0.99992	0.0
MonitoringTutorialDataset_1016	True	1	0.44979	0.55021	0.0
MonitoringTutorialDataset_1275	True	0	0.83636	0.16364	0.0
MonitoringTutorialDataset_3798	True	0	0.79764	0.20236	0.0
MonitoringTutorialDataset_3342	False	1	0.06598	0.93402	0.0
MonitoringTutorialDataset_0815	True	1	0.001	0.999	0.0
MonitoringTutorialDataset_0201	False	0	0.72933	0.27067	0.0
MonitoringTutorialDataset_0702	False	0	0.9883	0.0117	0.0
MonitoringTutorialDataset_1129	True	1	0.02155	0.97845	0.0
MonitoringTutorialDataset_3461	True	1	0.39957	0.60043	0.0
MonitoringTutorialDataset_1585	True	1	0.16445	0.83555	0.0
MonitoringTutorialDataset_1955	True	0	0.72209	0.27791	0.0
MonitoringTutorialDataset_3152	False	0	0.97286	0.02714	0.0
MonitoringTutorialDataset_2253	True	1	0.00771	0.99229	0.0
MonitoringTutorialDataset_0775	True	0	0.67954	0.32046	0.0
MonitoringTutorialDataset_2556	True	1	0.06048	0.93952	0.0
MonitoringTutorialDataset_2139	False	1	0.24134	0.75866	0.0
MonitoringTutorialDataset_2612	True	1	0.07826	0.92174	0.0
MonitoringTutorialDataset_2824	True	1	0.07499	0.92501	0.0
MonitoringTutorialDataset_2041	False	0	0.94438	0.05562	0.0
MonitoringTutorialDataset_2061	False	0	0.95126	0.04874	0.0
MonitoringTutorialDataset_2363	False	1	0.00681	0.99319	0.0
MonitoringTutorialDataset_2435	True	0	0.9897	0.0103	0.0
MonitoringTutorialDataset_2888	False	0	0.7909	0.2091	0.0
MonitoringTutorialDataset_2068	True	1	0.00011	0.99989	0.0
MonitoringTutorialDataset_0646	False	1	0.01483	0.98517	0.0
MonitoringTutorialDataset_3890	False	1	0.01144	0.98856	0.0
MonitoringTutorialDataset_3556	False	1	0.31071	0.68929	0.0
MonitoringTutorialDataset_3202	True	1	0.05108	0.94892	0.0
MonitoringTutorialDataset_1528	False	0	0.97101	0.02899	0.0
MonitoringTutorialDataset_2879	True	1	0.00824	0.99176	0.0
MonitoringTutorialDataset_4032	False	0	0.89313	0.10687	0.0
MonitoringTutorialDataset_2747	True	1	0.0084	0.9916	0.0
MonitoringTutorialDataset_2047	True	1	0.02095	0.97905	0.0
MonitoringTutorialDataset_3632	False	1	0.1576	0.8424	0.0
MonitoringTutorialDataset_0021	False	1	0.02119	0.97881	0.0
MonitoringTutorialDataset_3385	True	1	1e-05	0.99999	0.0
MonitoringTutorialDataset_2324	True	1	0.29771	0.70229	0.0
MonitoringTutorialDataset_1215	True	1	0.0949	0.9051	0.0
MonitoringTutorialDataset_0769	False	0	0.94222	0.05778	0.0
MonitoringTutorialDataset_3735	False	0	0.98576	0.01424	0.0
MonitoringTutorialDataset_2919	True	0	0.87913	0.12087	0.0
MonitoringTutorialDataset_2135	False	1	0.34521	0.65479	0.0
MonitoringTutorialDataset_0330	False	1	0.00279	0.99721	0.0
MonitoringTutorialDataset_0466	True	1	0.01036	0.98964	0.0
MonitoringTutorialDataset_1638	False	1	0.09444	0.90556	0.0
MonitoringTutorialDataset_3092	False	1	0.0021	0.9979	0.0
MonitoringTutorialDataset_0860	True	0	0.81871	0.18129	0.0
MonitoringTutorialDataset_3507	False	0	0.99782	0.00218	0.0
MonitoringTutorialDataset_2889	True	1	0.09341	0.90659	1.0
MonitoringTutorialDataset_1467	True	1	0.03207	0.96793	1.0
MonitoringTutorialDataset_1833	True	0	0.59438	0.40562	1.0
MonitoringTutorialDataset_1602	True	1	0.00039	0.99961	1.0
MonitoringTutorialDataset_2943	True	1	0.00033	0.99967	1.0
MonitoringTutorialDataset_0553	False	0	0.99799	0.00201	1.0
MonitoringTutorialDataset_3889	False	0	0.9905	0.0095	1.0
MonitoringTutorialDataset_0360	True	1	0.00029	0.99971	1.0
MonitoringTutorialDataset_3990	True	1	0.09386	0.90614	1.0
MonitoringTutorialDataset_0377	False	0	0.99814	0.00186	1.0
MonitoringTutorialDataset_0015	False	0	0.95235	0.04765	1.0
MonitoringTutorialDataset_0401	True	0	0.68971	0.31029	1.0
MonitoringTutorialDataset_0757	False	0	0.97355	0.02645	1.0
MonitoringTutorialDataset_3649	True	1	0.19944	0.80056	1.0
MonitoringTutorialDataset_2026	True	1	0.26109	0.73891	1.0
MonitoringTutorialDataset_3635	False	0	0.99617	0.00383	1.0
MonitoringTutorialDataset_0068	True	1	0.009	0.991	1.0
MonitoringTutorialDataset_3724	False	0	0.9966	0.0034	1.0
MonitoringTutorialDataset_3755	False	0	0.996	0.004	1.0
MonitoringTutorialDataset_2491	True	1	0.01672	0.98328	1.0
MonitoringTutorialDataset_3413	False	0	0.96472	0.03528	1.0
MonitoringTutorialDataset_3108	False	0	0.99585	0.00415	1.0
MonitoringTutorialDataset_1327	True	0	0.5744	0.4256	1.0
MonitoringTutorialDataset_1843	False	0	0.97649	0.02351	1.0
MonitoringTutorialDataset_1733	False	0	0.99183	0.00817	1.0
MonitoringTutorialDataset_3939	False	0	0.99826	0.00174	1.0
MonitoringTutorialDataset_2435	True	0	0.97524	0.02476	1.0
MonitoringTutorialDataset_2135	False	0	0.98717	0.01283	1.0
