QSPRID	pchembl_value_Mean_Label	pchembl_value_Mean_Prediction	pchembl_value_Mean_ProbabilityClass_0	pchembl_value_Mean_ProbabilityClass_1
MonitoringTutorialDataset_0599	False	0	0.99944	0.00056
MonitoringTutorialDataset_0752	True	1	0.16371	0.83629
MonitoringTutorialDataset_1954	True	1	0.0	1.0
MonitoringTutorialDataset_2928	True	1	0.0	1.0
MonitoringTutorialDataset_2512	True	1	0.0	1.0
MonitoringTutorialDataset_2289	True	1	0.00337	0.99663
MonitoringTutorialDataset_0682	True	1	0.00018	0.99982
MonitoringTutorialDataset_0325	False	1	0.00014	0.99986
MonitoringTutorialDataset_0166	True	1	0.0	1.0
MonitoringTutorialDataset_3389	True	1	3e-05	0.99997
MonitoringTutorialDataset_3572	True	1	0.0	1.0
MonitoringTutorialDataset_2606	True	1	0.0	1.0
MonitoringTutorialDataset_0109	True	1	9e-05	0.99991
MonitoringTutorialDataset_1006	False	1	0.00023	0.99977
MonitoringTutorialDataset_1061	False	0	0.91013	0.08987
MonitoringTutorialDataset_0149	True	1	0.0	1.0
MonitoringTutorialDataset_1569	False	0	0.9999	1e-04
MonitoringTutorialDataset_0298	True	1	0.00265	0.99735
MonitoringTutorialDataset_3706	True	1	0.0	1.0
MonitoringTutorialDataset_4073	True	1	1e-05	0.99999
MonitoringTutorialDataset_1034	True	1	0.0	1.0
MonitoringTutorialDataset_1962	False	0	0.99294	0.00706
MonitoringTutorialDataset_0179	False	0	0.97807	0.02193
MonitoringTutorialDataset_0033	False	0	0.99976	0.00024
MonitoringTutorialDataset_4015	True	0	0.9972	0.0028
MonitoringTutorialDataset_2817	False	1	0.01684	0.98316
MonitoringTutorialDataset_2389	False	0	0.99991	9e-05
MonitoringTutorialDataset_2174	True	1	5e-05	0.99995
MonitoringTutorialDataset_2965	True	1	0.0	1.0
MonitoringTutorialDataset_1192	True	1	0.00031	0.99969
MonitoringTutorialDataset_0555	True	1	0.07513	0.92487
MonitoringTutorialDataset_1960	True	1	0.0143	0.9857
MonitoringTutorialDataset_1064	False	0	0.99311	0.00689
MonitoringTutorialDataset_3727	False	0	0.92067	0.07933
MonitoringTutorialDataset_3483	True	1	1e-05	0.99999
MonitoringTutorialDataset_3825	True	1	0.00092	0.99908
MonitoringTutorialDataset_0229	True	1	4e-05	0.99996
MonitoringTutorialDataset_3768	True	1	0.00012	0.99988
MonitoringTutorialDataset_1163	True	1	0.00385	0.99615
MonitoringTutorialDataset_2828	True	1	0.02054	0.97946
MonitoringTutorialDataset_2005	True	1	1e-05	0.99999
MonitoringTutorialDataset_2380	False	0	0.99887	0.00113
MonitoringTutorialDataset_3237	False	1	0.0	1.0
MonitoringTutorialDataset_2631	True	1	5e-05	0.99995
MonitoringTutorialDataset_3293	False	0	0.98819	0.01181
MonitoringTutorialDataset_0096	True	1	0.0	1.0
MonitoringTutorialDataset_0501	True	1	0.0	1.0
MonitoringTutorialDataset_1185	False	0	0.9591	0.0409
MonitoringTutorialDataset_3522	True	1	0.0	1.0
MonitoringTutorialDataset_1593	True	1	0.0	1.0
MonitoringTutorialDataset_3575	False	0	0.96044	0.03956
MonitoringTutorialDataset_0881	False	1	0.0	1.0
MonitoringTutorialDataset_0132	True	1	0.00072	0.99928
MonitoringTutorialDataset_2252	False	1	0.00039	0.99961
MonitoringTutorialDataset_0527	True	1	0.0	1.0
MonitoringTutorialDataset_2022	True	1	0.15167	0.84833
MonitoringTutorialDataset_2531	False	0	0.99753	0.00247
MonitoringTutorialDataset_3802	True	1	0.0	1.0
MonitoringTutorialDataset_2478	True	1	0.08136	0.91864
MonitoringTutorialDataset_0305	True	1	0.00016	0.99984
MonitoringTutorialDataset_1398	False	1	0.01073	0.98927
MonitoringTutorialDataset_1769	False	1	0.02188	0.97812
MonitoringTutorialDataset_0308	True	1	0.0	1.0
MonitoringTutorialDataset_2113	False	1	0.0002	0.9998
MonitoringTutorialDataset_2672	False	1	0.0335	0.9665
MonitoringTutorialDataset_4012	True	1	0.0	1.0
MonitoringTutorialDataset_3704	False	1	0.0014	0.9986
MonitoringTutorialDataset_0802	False	1	0.00082	0.99918
MonitoringTutorialDataset_2721	True	1	0.0	1.0
MonitoringTutorialDataset_3276	False	1	3e-05	0.99997
MonitoringTutorialDataset_2341	True	1	0.03012	0.96988
MonitoringTutorialDataset_1882	False	1	0.00931	0.99069
MonitoringTutorialDataset_0196	False	1	5e-05	0.99995
MonitoringTutorialDataset_0366	True	1	0.00069	0.99931
MonitoringTutorialDataset_3838	True	1	0.0	1.0
MonitoringTutorialDataset_4035	False	1	0.0126	0.9874
MonitoringTutorialDataset_2528	True	1	0.0	1.0
MonitoringTutorialDataset_1204	True	1	0.00034	0.99966
MonitoringTutorialDataset_1783	True	1	0.0	1.0
MonitoringTutorialDataset_1110	False	0	1.0	0.0
MonitoringTutorialDataset_2232	False	0	0.99249	0.00751
MonitoringTutorialDataset_1220	True	1	1e-05	0.99999
MonitoringTutorialDataset_0314	False	0	0.99989	0.00011
MonitoringTutorialDataset_2629	False	1	3e-05	0.99997
MonitoringTutorialDataset_0184	False	0	0.94865	0.05135
MonitoringTutorialDataset_1641	False	0	0.58567	0.41433
MonitoringTutorialDataset_1618	False	1	0.0003	0.9997
MonitoringTutorialDataset_0461	False	0	0.99317	0.00683
MonitoringTutorialDataset_2430	False	0	0.99744	0.00256
MonitoringTutorialDataset_2948	True	1	4e-05	0.99996
MonitoringTutorialDataset_3579	False	1	0.0	1.0
MonitoringTutorialDataset_0315	False	0	0.98902	0.01098
MonitoringTutorialDataset_4081	True	1	0.00128	0.99872
MonitoringTutorialDataset_1047	True	1	0.00575	0.99425
MonitoringTutorialDataset_3642	True	1	3e-05	0.99997
MonitoringTutorialDataset_3869	True	0	0.98743	0.01257
MonitoringTutorialDataset_1104	True	1	0.0019	0.9981
MonitoringTutorialDataset_1566	True	1	2e-05	0.99998
MonitoringTutorialDataset_2823	False	1	1e-05	0.99999
MonitoringTutorialDataset_0869	True	1	3e-05	0.99997
MonitoringTutorialDataset_2550	True	1	0.0	1.0
MonitoringTutorialDataset_1289	True	1	0.00467	0.99533
MonitoringTutorialDataset_3937	True	1	0.35496	0.64504
MonitoringTutorialDataset_0414	False	0	0.53039	0.46961
MonitoringTutorialDataset_4026	True	1	1e-05	0.99999
MonitoringTutorialDataset_3590	False	0	0.99876	0.00124
MonitoringTutorialDataset_0999	True	1	0.0	1.0
MonitoringTutorialDataset_0978	False	1	0.00072	0.99928
MonitoringTutorialDataset_2592	True	1	0.00104	0.99896
MonitoringTutorialDataset_3362	False	0	0.92537	0.07463
MonitoringTutorialDataset_0070	True	1	0.02426	0.97574
MonitoringTutorialDataset_2281	True	1	0.0	1.0
MonitoringTutorialDataset_3703	True	1	0.00037	0.99963
MonitoringTutorialDataset_0211	True	1	7e-05	0.99993
MonitoringTutorialDataset_2096	False	1	0.00047	0.99953
MonitoringTutorialDataset_3942	False	1	0.02791	0.97209
MonitoringTutorialDataset_3486	True	1	0.0	1.0
MonitoringTutorialDataset_1730	False	1	6e-05	0.99994
MonitoringTutorialDataset_1292	True	1	0.0	1.0
MonitoringTutorialDataset_0014	True	1	0.0	1.0
MonitoringTutorialDataset_3959	True	1	1e-05	0.99999
MonitoringTutorialDataset_2010	False	1	0.44445	0.55555
MonitoringTutorialDataset_1113	True	1	0.00021	0.99979
MonitoringTutorialDataset_4013	True	1	1e-05	0.99999
MonitoringTutorialDataset_0270	True	1	0.00133	0.99867
MonitoringTutorialDataset_0538	False	0	0.99486	0.00514
MonitoringTutorialDataset_3456	True	1	9e-05	0.99991
MonitoringTutorialDataset_0008	True	1	0.0	1.0
MonitoringTutorialDataset_1552	True	1	0.0	1.0
MonitoringTutorialDataset_1803	False	0	0.99764	0.00236
MonitoringTutorialDataset_3737	True	1	0.0	1.0
MonitoringTutorialDataset_3138	False	0	0.9996	0.0004
MonitoringTutorialDataset_0818	True	1	0.13814	0.86186
MonitoringTutorialDataset_2211	True	1	0.0426	0.9574
MonitoringTutorialDataset_2159	True	0	0.54613	0.45387
MonitoringTutorialDataset_2986	False	0	0.75244	0.24756
MonitoringTutorialDataset_3577	False	0	0.99963	0.00037
MonitoringTutorialDataset_2119	True	1	0.0	1.0
MonitoringTutorialDataset_0251	True	1	5e-05	0.99995
MonitoringTutorialDataset_1146	False	0	0.99894	0.00106
MonitoringTutorialDataset_1842	False	0	0.99681	0.00319
MonitoringTutorialDataset_0296	True	1	0.0	1.0
MonitoringTutorialDataset_0755	True	0	0.88671	0.11329
MonitoringTutorialDataset_0544	False	1	0.44516	0.55484
MonitoringTutorialDataset_1729	True	1	0.00884	0.99116
MonitoringTutorialDataset_4069	True	1	0.0	1.0
MonitoringTutorialDataset_2666	False	1	0.13034	0.86966
MonitoringTutorialDataset_1999	True	1	1e-05	0.99999
MonitoringTutorialDataset_1094	False	0	0.99493	0.00507
MonitoringTutorialDataset_3620	False	1	0.10052	0.89948
MonitoringTutorialDataset_2436	True	1	7e-05	0.99993
MonitoringTutorialDataset_0032	True	1	0.0	1.0
MonitoringTutorialDataset_2378	True	1	0.00035	0.99965
MonitoringTutorialDataset_3188	False	0	0.99274	0.00726
MonitoringTutorialDataset_2507	False	0	0.99998	2e-05
MonitoringTutorialDataset_3307	False	1	0.03646	0.96354
MonitoringTutorialDataset_2603	False	0	0.98431	0.01569
MonitoringTutorialDataset_2514	True	1	0.00457	0.99543
MonitoringTutorialDataset_3655	False	1	3e-05	0.99997
MonitoringTutorialDataset_1770	False	1	0.03973	0.96027
MonitoringTutorialDataset_1175	False	0	0.99978	0.00022
MonitoringTutorialDataset_0910	True	1	2e-05	0.99998
MonitoringTutorialDataset_1814	True	1	0.0	1.0
MonitoringTutorialDataset_0568	True	1	0.00092	0.99908
MonitoringTutorialDataset_3122	True	1	0.0	1.0
MonitoringTutorialDataset_1429	True	1	6e-05	0.99994
MonitoringTutorialDataset_3617	True	1	0.0	1.0
MonitoringTutorialDataset_0438	True	1	1e-05	0.99999
MonitoringTutorialDataset_0889	False	0	0.96268	0.03732
MonitoringTutorialDataset_3717	True	1	0.00064	0.99936
MonitoringTutorialDataset_1417	True	1	0.01122	0.98878
MonitoringTutorialDataset_2168	True	1	0.0	1.0
MonitoringTutorialDataset_2957	False	1	0.00015	0.99985
MonitoringTutorialDataset_2414	True	1	3e-05	0.99997
MonitoringTutorialDataset_1502	True	1	0.0	1.0
MonitoringTutorialDataset_0471	True	1	0.0	1.0
MonitoringTutorialDataset_3551	True	1	2e-05	0.99998
MonitoringTutorialDataset_3371	True	1	0.0	1.0
MonitoringTutorialDataset_0811	True	1	1e-05	0.99999
MonitoringTutorialDataset_3271	True	0	0.99679	0.00321
MonitoringTutorialDataset_1590	False	1	0.0	1.0
MonitoringTutorialDataset_0465	False	1	0.00712	0.99288
MonitoringTutorialDataset_3492	False	0	0.97504	0.02496
MonitoringTutorialDataset_4079	False	0	0.98539	0.01461
MonitoringTutorialDataset_1378	True	1	9e-05	0.99991
MonitoringTutorialDataset_0318	True	1	0.0	1.0
MonitoringTutorialDataset_0718	False	0	0.97947	0.02053
MonitoringTutorialDataset_3498	False	1	0.0	1.0
MonitoringTutorialDataset_0043	True	1	0.0	1.0
MonitoringTutorialDataset_2980	False	1	4e-05	0.99996
MonitoringTutorialDataset_1178	True	1	0.0	1.0
MonitoringTutorialDataset_3161	True	1	0.00025	0.99975
MonitoringTutorialDataset_2379	False	0	0.82829	0.17171
MonitoringTutorialDataset_3212	True	1	0.18781	0.81219
MonitoringTutorialDataset_0402	True	1	8e-05	0.99992
MonitoringTutorialDataset_1405	True	1	0.0	1.0
MonitoringTutorialDataset_2415	True	1	6e-05	0.99994
MonitoringTutorialDataset_1859	True	1	1e-05	0.99999
MonitoringTutorialDataset_4007	True	1	0.0	1.0
MonitoringTutorialDataset_2634	True	1	0.00103	0.99897
MonitoringTutorialDataset_1023	True	1	0.0	1.0
MonitoringTutorialDataset_2222	True	1	0.0	1.0
MonitoringTutorialDataset_1826	False	0	0.99534	0.00466
MonitoringTutorialDataset_3631	False	0	0.8855	0.1145
MonitoringTutorialDataset_1860	False	0	0.99918	0.00082
MonitoringTutorialDataset_1580	True	1	0.00016	0.99984
MonitoringTutorialDataset_2384	False	1	0.0007	0.9993
MonitoringTutorialDataset_0017	True	1	5e-05	0.99995
MonitoringTutorialDataset_2218	True	1	0.0	1.0
MonitoringTutorialDataset_0596	True	1	0.0	1.0
MonitoringTutorialDataset_2462	False	1	2e-05	0.99998
MonitoringTutorialDataset_3169	True	1	1e-05	0.99999
MonitoringTutorialDataset_1536	True	1	0.0	1.0
MonitoringTutorialDataset_0746	True	1	0.35326	0.64674
MonitoringTutorialDataset_1896	False	0	0.99997	3e-05
MonitoringTutorialDataset_1074	False	0	0.99695	0.00305
MonitoringTutorialDataset_3749	True	1	0.00026	0.99974
MonitoringTutorialDataset_0680	True	1	0.0	1.0
MonitoringTutorialDataset_2763	False	1	1e-05	0.99999
MonitoringTutorialDataset_2166	False	0	0.99829	0.00171
MonitoringTutorialDataset_0457	False	1	0.0016	0.9984
MonitoringTutorialDataset_2700	False	0	0.99887	0.00113
MonitoringTutorialDataset_2476	True	1	3e-05	0.99997
MonitoringTutorialDataset_3594	False	0	0.99902	0.00098
MonitoringTutorialDataset_3601	True	1	0.0	1.0
MonitoringTutorialDataset_1995	True	1	0.00025	0.99975
MonitoringTutorialDataset_0463	True	0	0.90843	0.09157
MonitoringTutorialDataset_3010	True	1	0.0	1.0
MonitoringTutorialDataset_1424	True	1	1e-05	0.99999
MonitoringTutorialDataset_2927	True	1	0.00485	0.99515
MonitoringTutorialDataset_2208	True	1	0.0	1.0
MonitoringTutorialDataset_1164	True	1	1e-05	0.99999
MonitoringTutorialDataset_1128	False	0	0.64018	0.35982
MonitoringTutorialDataset_2425	True	1	0.01903	0.98097
MonitoringTutorialDataset_0655	False	1	0.00156	0.99844
MonitoringTutorialDataset_1726	False	0	0.99551	0.00449
MonitoringTutorialDataset_1159	True	1	2e-05	0.99998
MonitoringTutorialDataset_0205	True	1	0.0	1.0
MonitoringTutorialDataset_1756	False	0	0.64967	0.35033
MonitoringTutorialDataset_2004	True	1	0.00393	0.99607
MonitoringTutorialDataset_3209	False	0	0.99997	3e-05
MonitoringTutorialDataset_2260	True	1	0.0	1.0
MonitoringTutorialDataset_2953	True	1	1e-05	0.99999
MonitoringTutorialDataset_3192	False	0	0.9984	0.0016
MonitoringTutorialDataset_1550	True	1	0.20728	0.79272
MonitoringTutorialDataset_0490	False	1	0.00284	0.99716
MonitoringTutorialDataset_3729	True	1	0.02233	0.97767
MonitoringTutorialDataset_3609	True	1	0.28205	0.71795
MonitoringTutorialDataset_1588	True	1	0.0	1.0
MonitoringTutorialDataset_1702	False	1	0.03749	0.96251
MonitoringTutorialDataset_1228	True	1	0.00054	0.99946
MonitoringTutorialDataset_1564	True	1	0.0	1.0
MonitoringTutorialDataset_1543	False	0	0.99761	0.00239
MonitoringTutorialDataset_0879	True	1	0.0	1.0
MonitoringTutorialDataset_2287	False	1	2e-05	0.99998
MonitoringTutorialDataset_3818	True	1	0.00035	0.99965
MonitoringTutorialDataset_0093	True	1	0.00041	0.99959
MonitoringTutorialDataset_2412	True	1	0.0	1.0
MonitoringTutorialDataset_0023	False	0	0.99983	0.00017
MonitoringTutorialDataset_1623	False	0	0.81563	0.18437
MonitoringTutorialDataset_3411	False	0	0.99972	0.00028
MonitoringTutorialDataset_3320	False	1	0.00342	0.99658
MonitoringTutorialDataset_1743	False	1	0.44775	0.55225
MonitoringTutorialDataset_3915	True	1	0.00108	0.99892
MonitoringTutorialDataset_0564	True	1	0.01281	0.98719
MonitoringTutorialDataset_2037	True	1	8e-05	0.99992
MonitoringTutorialDataset_3634	True	1	0.00044	0.99956
MonitoringTutorialDataset_3513	True	1	0.0	1.0
MonitoringTutorialDataset_2097	False	0	0.99963	0.00037
MonitoringTutorialDataset_2826	True	1	0.0	1.0
MonitoringTutorialDataset_3269	True	1	0.0	1.0
MonitoringTutorialDataset_1270	False	0	0.95568	0.04432
MonitoringTutorialDataset_4076	False	0	0.99938	0.00062
MonitoringTutorialDataset_2259	True	1	0.00055	0.99945
MonitoringTutorialDataset_1444	True	1	0.0	1.0
MonitoringTutorialDataset_1116	False	0	0.99945	0.00055
MonitoringTutorialDataset_0099	False	0	0.99949	0.00051
MonitoringTutorialDataset_0432	True	1	0.0	1.0
MonitoringTutorialDataset_2377	False	1	8e-05	0.99992
MonitoringTutorialDataset_2417	True	1	0.0	1.0
MonitoringTutorialDataset_1558	False	0	0.99993	7e-05
MonitoringTutorialDataset_1532	True	1	4e-05	0.99996
MonitoringTutorialDataset_0120	True	1	0.0	1.0
MonitoringTutorialDataset_2357	True	1	0.0	1.0
MonitoringTutorialDataset_1659	True	1	0.00037	0.99963
MonitoringTutorialDataset_0156	False	0	0.99999	1e-05
MonitoringTutorialDataset_1936	True	1	0.0	1.0
MonitoringTutorialDataset_2374	True	1	0.00011	0.99989
MonitoringTutorialDataset_1260	True	1	1e-05	0.99999
MonitoringTutorialDataset_3300	True	1	0.0022	0.9978
MonitoringTutorialDataset_3879	True	1	0.0	1.0
MonitoringTutorialDataset_2656	False	0	0.98212	0.01788
MonitoringTutorialDataset_2154	True	1	4e-05	0.99996
MonitoringTutorialDataset_0240	True	1	8e-05	0.99992
MonitoringTutorialDataset_2929	True	1	6e-05	0.99994
MonitoringTutorialDataset_1815	True	1	0.00161	0.99839
MonitoringTutorialDataset_3334	True	1	0.0	1.0
MonitoringTutorialDataset_3178	True	1	0.01228	0.98772
MonitoringTutorialDataset_3250	False	1	0.00302	0.99698
MonitoringTutorialDataset_1627	True	1	3e-05	0.99997
MonitoringTutorialDataset_1912	True	1	0.0	1.0
MonitoringTutorialDataset_1362	True	1	0.22447	0.77553
MonitoringTutorialDataset_2002	False	0	0.99707	0.00293
MonitoringTutorialDataset_3650	True	1	0.0	1.0
MonitoringTutorialDataset_0865	True	1	0.16572	0.83428
MonitoringTutorialDataset_1789	False	0	0.99996	4e-05
MonitoringTutorialDataset_1377	False	0	0.9989	0.0011
MonitoringTutorialDataset_1831	True	1	0.0	1.0
MonitoringTutorialDataset_3089	True	1	0.04744	0.95256
MonitoringTutorialDataset_0594	False	0	0.99971	0.00029
MonitoringTutorialDataset_3032	True	1	0.0	1.0
MonitoringTutorialDataset_0177	True	1	0.04817	0.95183
MonitoringTutorialDataset_2679	False	0	0.99951	0.00049
MonitoringTutorialDataset_3075	True	1	0.00018	0.99982
MonitoringTutorialDataset_2233	False	0	0.99962	0.00038
MonitoringTutorialDataset_0051	True	1	2e-05	0.99998
MonitoringTutorialDataset_1138	True	1	0.00046	0.99954
MonitoringTutorialDataset_1778	False	0	0.99916	0.00084
MonitoringTutorialDataset_0073	False	1	5e-05	0.99995
MonitoringTutorialDataset_3116	False	0	0.99643	0.00357
MonitoringTutorialDataset_2090	False	0	0.98131	0.01869
MonitoringTutorialDataset_2091	True	1	1e-05	0.99999
MonitoringTutorialDataset_3612	True	1	0.0	1.0
MonitoringTutorialDataset_2408	False	1	0.00039	0.99961
MonitoringTutorialDataset_1309	True	1	0.00011	0.99989
MonitoringTutorialDataset_3336	True	1	0.0	1.0
MonitoringTutorialDataset_2697	True	1	0.0	1.0
MonitoringTutorialDataset_2488	False	1	1e-05	0.99999
MonitoringTutorialDataset_1510	True	1	5e-05	0.99995
MonitoringTutorialDataset_1457	False	0	0.99993	7e-05
MonitoringTutorialDataset_0157	False	0	0.99574	0.00426
MonitoringTutorialDataset_2707	True	1	0.0	1.0
MonitoringTutorialDataset_1632	True	1	0.00014	0.99986
MonitoringTutorialDataset_0534	True	1	0.0	1.0
MonitoringTutorialDataset_0052	False	0	0.99976	0.00024
MonitoringTutorialDataset_2014	False	0	0.97877	0.02123
MonitoringTutorialDataset_0220	True	1	0.00172	0.99828
MonitoringTutorialDataset_1052	False	0	0.99925	0.00075
MonitoringTutorialDataset_0026	True	1	9e-05	0.99991
MonitoringTutorialDataset_3390	False	0	0.99701	0.00299
MonitoringTutorialDataset_3555	True	1	0.00089	0.99911
MonitoringTutorialDataset_0214	False	0	0.91855	0.08145
MonitoringTutorialDataset_3396	False	0	0.9992	0.0008
MonitoringTutorialDataset_2834	True	1	0.36145	0.63855
MonitoringTutorialDataset_1779	True	1	0.00175	0.99825
MonitoringTutorialDataset_1242	True	1	0.0	1.0
MonitoringTutorialDataset_2387	True	1	0.0	1.0
MonitoringTutorialDataset_0321	False	1	0.02846	0.97154
MonitoringTutorialDataset_3316	True	1	0.0	1.0
MonitoringTutorialDataset_3339	False	1	0.00068	0.99932
MonitoringTutorialDataset_3811	True	1	1e-05	0.99999
MonitoringTutorialDataset_1614	True	1	0.0	1.0
MonitoringTutorialDataset_3190	True	1	8e-05	0.99992
MonitoringTutorialDataset_2177	True	1	0.0	1.0
MonitoringTutorialDataset_1739	True	1	1e-05	0.99999
MonitoringTutorialDataset_3777	False	1	0.05282	0.94718
MonitoringTutorialDataset_4022	False	1	0.12769	0.87231
MonitoringTutorialDataset_2527	False	1	1e-05	0.99999
MonitoringTutorialDataset_0044	False	0	0.99986	0.00014
MonitoringTutorialDataset_0731	False	0	0.99896	0.00104
MonitoringTutorialDataset_0495	False	1	0.00078	0.99922
MonitoringTutorialDataset_3113	True	1	0.00298	0.99702
MonitoringTutorialDataset_3045	True	1	0.00014	0.99986
MonitoringTutorialDataset_2210	True	1	3e-05	0.99997
MonitoringTutorialDataset_0354	False	0	0.85279	0.14721
MonitoringTutorialDataset_0576	False	0	0.99898	0.00102
MonitoringTutorialDataset_3214	True	1	0.01145	0.98855
MonitoringTutorialDataset_2951	False	0	0.99963	0.00037
MonitoringTutorialDataset_0598	True	1	6e-05	0.99994
MonitoringTutorialDataset_1261	False	1	0.01415	0.98585
MonitoringTutorialDataset_3290	True	1	0.00026	0.99974
MonitoringTutorialDataset_1675	False	1	0.00064	0.99936
MonitoringTutorialDataset_0897	False	0	0.99981	0.00019
MonitoringTutorialDataset_0408	True	1	7e-05	0.99993
MonitoringTutorialDataset_3266	True	1	0.0	1.0
MonitoringTutorialDataset_2092	False	1	1e-05	0.99999
MonitoringTutorialDataset_0256	True	1	0.05875	0.94125
MonitoringTutorialDataset_3543	True	1	0.00372	0.99628
MonitoringTutorialDataset_0761	False	0	0.99347	0.00653
MonitoringTutorialDataset_1538	False	0	0.99939	0.00061
MonitoringTutorialDataset_1322	False	0	0.99504	0.00496
MonitoringTutorialDataset_0843	True	1	0.00036	0.99964
MonitoringTutorialDataset_2283	True	1	0.00175	0.99825
MonitoringTutorialDataset_1786	True	1	0.0099	0.9901
MonitoringTutorialDataset_3669	True	1	0.00055	0.99945
MonitoringTutorialDataset_1370	False	0	0.97928	0.02072
MonitoringTutorialDataset_2353	True	1	0.0	1.0
MonitoringTutorialDataset_3038	True	1	0.0	1.0
MonitoringTutorialDataset_0291	True	1	0.00171	0.99829
MonitoringTutorialDataset_1657	False	0	0.95445	0.04555
MonitoringTutorialDataset_3791	True	1	1e-05	0.99999
MonitoringTutorialDataset_0134	True	1	0.0	1.0
MonitoringTutorialDataset_2792	True	1	0.0	1.0
MonitoringTutorialDataset_2404	False	1	1e-05	0.99999
MonitoringTutorialDataset_1157	True	1	0.00211	0.99789
MonitoringTutorialDataset_2034	True	1	0.0	1.0
MonitoringTutorialDataset_0263	False	0	0.99734	0.00266
MonitoringTutorialDataset_1992	False	0	0.9637	0.0363
MonitoringTutorialDataset_2466	False	0	0.99988	0.00012
MonitoringTutorialDataset_1295	True	1	7e-05	0.99993
MonitoringTutorialDataset_1964	False	0	0.982	0.018
MonitoringTutorialDataset_0817	False	1	0.00742	0.99258
MonitoringTutorialDataset_0056	False	0	0.73038	0.26962
MonitoringTutorialDataset_0831	False	0	0.92695	0.07305
MonitoringTutorialDataset_0693	False	1	1e-04	0.9999
MonitoringTutorialDataset_0551	True	1	0.00083	0.99917
MonitoringTutorialDataset_2441	True	1	1e-05	0.99999
MonitoringTutorialDataset_3287	True	1	0.45823	0.54177
MonitoringTutorialDataset_2138	True	1	0.0	1.0
MonitoringTutorialDataset_1721	False	1	0.00061	0.99939
MonitoringTutorialDataset_0810	False	0	0.9994	0.0006
MonitoringTutorialDataset_1749	True	1	0.0	1.0
MonitoringTutorialDataset_2484	False	0	0.98315	0.01685
MonitoringTutorialDataset_1798	True	1	1e-05	0.99999
MonitoringTutorialDataset_0393	True	1	1e-05	0.99999
MonitoringTutorialDataset_3253	True	1	1e-05	0.99999
MonitoringTutorialDataset_3591	False	0	0.99926	0.00074
MonitoringTutorialDataset_0170	False	0	0.99886	0.00114
MonitoringTutorialDataset_0642	True	1	0.0	1.0
MonitoringTutorialDataset_2229	True	1	1e-05	0.99999
MonitoringTutorialDataset_1091	True	1	0.00015	0.99985
MonitoringTutorialDataset_1615	True	1	0.0	1.0
MonitoringTutorialDataset_3323	True	1	0.0	1.0
MonitoringTutorialDataset_2533	False	1	0.0	1.0
MonitoringTutorialDataset_0188	True	0	0.98686	0.01314
MonitoringTutorialDataset_0012	False	0	0.89288	0.10712
MonitoringTutorialDataset_1200	True	1	0.00461	0.99539
MonitoringTutorialDataset_0322	True	1	0.0	1.0
MonitoringTutorialDataset_2958	False	0	0.99935	0.00065
MonitoringTutorialDataset_0605	False	1	6e-05	0.99994
MonitoringTutorialDataset_0803	True	1	0.0	1.0
MonitoringTutorialDataset_0751	False	1	0.00315	0.99685
MonitoringTutorialDataset_3599	True	1	1e-05	0.99999
MonitoringTutorialDataset_3402	True	1	0.0	1.0
MonitoringTutorialDataset_3133	True	1	0.0	1.0
MonitoringTutorialDataset_0676	True	1	0.0	1.0
MonitoringTutorialDataset_3220	False	0	0.99953	0.00047
MonitoringTutorialDataset_3393	False	0	0.642	0.358
MonitoringTutorialDataset_1689	False	0	0.96981	0.03019
MonitoringTutorialDataset_1880	False	1	0.00048	0.99952
MonitoringTutorialDataset_3208	True	1	3e-05	0.99997
MonitoringTutorialDataset_3213	True	1	0.0	1.0
MonitoringTutorialDataset_3026	True	1	0.0	1.0
MonitoringTutorialDataset_1512	True	1	0.0003	0.9997
MonitoringTutorialDataset_2184	False	1	0.29129	0.70871
MonitoringTutorialDataset_3256	False	1	0.00024	0.99976
MonitoringTutorialDataset_0238	False	0	0.50375	0.49625
MonitoringTutorialDataset_0174	True	1	1e-05	0.99999
MonitoringTutorialDataset_3159	True	1	0.0	1.0
MonitoringTutorialDataset_1811	True	1	0.04619	0.95381
MonitoringTutorialDataset_2620	True	1	1e-05	0.99999
MonitoringTutorialDataset_3684	False	0	0.99859	0.00141
MonitoringTutorialDataset_2225	True	1	0.00615	0.99385
MonitoringTutorialDataset_0907	True	1	0.00203	0.99797
MonitoringTutorialDataset_1426	True	1	0.0	1.0
MonitoringTutorialDataset_3088	True	1	0.36167	0.63833
MonitoringTutorialDataset_1991	False	1	0.00254	0.99746
MonitoringTutorialDataset_3437	False	0	0.65753	0.34247
MonitoringTutorialDataset_0410	True	1	1e-05	0.99999
MonitoringTutorialDataset_1186	True	1	0.0	1.0
MonitoringTutorialDataset_1029	False	1	0.00243	0.99757
MonitoringTutorialDataset_2335	True	1	0.0	1.0
MonitoringTutorialDataset_1652	True	1	6e-05	0.99994
MonitoringTutorialDataset_1583	False	0	0.5163	0.4837
MonitoringTutorialDataset_2246	False	0	0.9794	0.0206
MonitoringTutorialDataset_0990	True	1	0.0	1.0
MonitoringTutorialDataset_0227	True	1	3e-05	0.99997
MonitoringTutorialDataset_1830	True	1	1e-05	0.99999
MonitoringTutorialDataset_1210	False	0	0.6291	0.3709
MonitoringTutorialDataset_3455	False	1	0.0	1.0
MonitoringTutorialDataset_0351	False	0	0.99994	6e-05
MonitoringTutorialDataset_2473	True	1	1e-05	0.99999
MonitoringTutorialDataset_1766	False	0	0.99113	0.00887
MonitoringTutorialDataset_3381	False	1	0.00058	0.99942
MonitoringTutorialDataset_1337	True	1	0.00226	0.99774
MonitoringTutorialDataset_0857	True	0	0.60918	0.39082
MonitoringTutorialDataset_3388	False	1	0.00114	0.99886
MonitoringTutorialDataset_2861	False	0	0.99997	3e-05
MonitoringTutorialDataset_1436	True	1	1e-05	0.99999
MonitoringTutorialDataset_0069	True	1	0.0	1.0
MonitoringTutorialDataset_2342	True	1	0.0	1.0
MonitoringTutorialDataset_0045	False	0	0.99971	0.00029
MonitoringTutorialDataset_1114	True	1	0.0	1.0
MonitoringTutorialDataset_3566	True	1	3e-05	0.99997
MonitoringTutorialDataset_0183	False	1	0.00124	0.99876
MonitoringTutorialDataset_0829	True	1	0.00063	0.99937
MonitoringTutorialDataset_1018	True	1	0.00523	0.99477
MonitoringTutorialDataset_0948	True	1	0.00277	0.99723
MonitoringTutorialDataset_0511	False	0	0.99989	0.00011
MonitoringTutorialDataset_2903	False	1	0.00013	0.99987
MonitoringTutorialDataset_2910	True	1	0.00224	0.99776
MonitoringTutorialDataset_1867	True	1	0.05035	0.94965
MonitoringTutorialDataset_1474	True	1	2e-05	0.99998
MonitoringTutorialDataset_0139	False	1	0.06899	0.93101
MonitoringTutorialDataset_2355	True	1	0.0	1.0
MonitoringTutorialDataset_0862	True	1	3e-05	0.99997
MonitoringTutorialDataset_0309	False	1	0.23926	0.76074
MonitoringTutorialDataset_0266	True	1	0.0002	0.9998
MonitoringTutorialDataset_1953	False	1	0.29074	0.70926
MonitoringTutorialDataset_2215	True	0	0.71335	0.28665
MonitoringTutorialDataset_3273	False	1	8e-05	0.99992
MonitoringTutorialDataset_0063	True	1	0.0	1.0
MonitoringTutorialDataset_2624	True	1	0.0002	0.9998
MonitoringTutorialDataset_2543	True	1	0.0	1.0
MonitoringTutorialDataset_1042	True	1	0.00856	0.99144
MonitoringTutorialDataset_1406	True	1	1e-05	0.99999
MonitoringTutorialDataset_0144	True	0	0.96455	0.03545
MonitoringTutorialDataset_3529	True	1	0.13618	0.86382
MonitoringTutorialDataset_3875	True	1	0.00425	0.99575
MonitoringTutorialDataset_1578	True	1	0.0	1.0
MonitoringTutorialDataset_2093	False	1	5e-05	0.99995
MonitoringTutorialDataset_0486	False	0	0.99774	0.00226
MonitoringTutorialDataset_2829	False	0	0.69706	0.30294
MonitoringTutorialDataset_1161	False	0	0.99997	3e-05
MonitoringTutorialDataset_3695	True	1	0.0	1.0
MonitoringTutorialDataset_3689	False	0	0.99091	0.00909
MonitoringTutorialDataset_3403	False	0	1.0	0.0
MonitoringTutorialDataset_2618	False	1	0.00017	0.99983
MonitoringTutorialDataset_1487	True	1	3e-05	0.99997
MonitoringTutorialDataset_2673	True	1	0.0	1.0
MonitoringTutorialDataset_2153	True	1	1e-05	0.99999
MonitoringTutorialDataset_1822	False	0	0.9968	0.0032
MonitoringTutorialDataset_0279	True	1	0.00015	0.99985
MonitoringTutorialDataset_3155	False	0	0.95161	0.04839
MonitoringTutorialDataset_3629	True	1	0.13337	0.86663
MonitoringTutorialDataset_0358	False	0	0.99464	0.00536
MonitoringTutorialDataset_2884	True	1	0.0	1.0
MonitoringTutorialDataset_0299	False	0	0.99871	0.00129
MonitoringTutorialDataset_1073	False	1	4e-05	0.99996
MonitoringTutorialDataset_2186	True	1	0.0923	0.9077
MonitoringTutorialDataset_1950	False	1	0.01218	0.98782
MonitoringTutorialDataset_1832	False	1	0.00014	0.99986
MonitoringTutorialDataset_0415	True	1	0.01312	0.98688
MonitoringTutorialDataset_1278	True	1	3e-05	0.99997
MonitoringTutorialDataset_2323	False	0	0.98678	0.01322
MonitoringTutorialDataset_3855	False	0	0.95407	0.04593
MonitoringTutorialDataset_2638	True	0	0.69743	0.30257
MonitoringTutorialDataset_3490	True	1	0.01862	0.98138
MonitoringTutorialDataset_3924	False	1	0.05634	0.94366
MonitoringTutorialDataset_1720	False	1	4e-05	0.99996
MonitoringTutorialDataset_3071	True	0	0.83672	0.16328
MonitoringTutorialDataset_3132	True	1	0.0	1.0
MonitoringTutorialDataset_1299	False	1	0.07543	0.92457
MonitoringTutorialDataset_2974	False	0	0.99994	6e-05
MonitoringTutorialDataset_1507	True	1	0.00035	0.99965
MonitoringTutorialDataset_0670	True	1	1e-05	0.99999
MonitoringTutorialDataset_0058	True	1	0.0	1.0
MonitoringTutorialDataset_0076	False	0	0.99999	1e-05
MonitoringTutorialDataset_0368	True	1	2e-05	0.99998
MonitoringTutorialDataset_1366	True	1	0.0	1.0
MonitoringTutorialDataset_0744	True	1	0.00161	0.99839
MonitoringTutorialDataset_3628	False	0	0.99966	0.00034
MonitoringTutorialDataset_2632	True	1	0.0004	0.9996
MonitoringTutorialDataset_3565	False	1	0.0	1.0
MonitoringTutorialDataset_0705	False	0	0.81399	0.18601
MonitoringTutorialDataset_4057	False	1	1e-05	0.99999
MonitoringTutorialDataset_1330	True	1	4e-05	0.99996
MonitoringTutorialDataset_1878	True	1	0.0	1.0
MonitoringTutorialDataset_3948	False	0	0.99957	0.00043
MonitoringTutorialDataset_3322	False	0	0.99936	0.00064
MonitoringTutorialDataset_0124	False	0	0.98884	0.01116
MonitoringTutorialDataset_3248	True	1	0.0	1.0
MonitoringTutorialDataset_1149	False	0	0.97671	0.02329
MonitoringTutorialDataset_2288	False	0	0.99157	0.00843
MonitoringTutorialDataset_3429	True	1	0.0	1.0
MonitoringTutorialDataset_1174	True	1	1e-05	0.99999
MonitoringTutorialDataset_0429	True	1	7e-05	0.99993
MonitoringTutorialDataset_1483	False	0	0.99758	0.00242
MonitoringTutorialDataset_3353	True	1	0.02122	0.97878
MonitoringTutorialDataset_1135	True	1	0.0	1.0
MonitoringTutorialDataset_1414	False	0	0.69991	0.30009
MonitoringTutorialDataset_2614	True	1	0.0	1.0
MonitoringTutorialDataset_2401	True	1	0.13682	0.86318
MonitoringTutorialDataset_1056	False	1	0.00333	0.99667
MonitoringTutorialDataset_0387	False	0	0.99915	0.00085
MonitoringTutorialDataset_0030	True	1	0.01134	0.98866
MonitoringTutorialDataset_2698	True	1	0.41582	0.58418
MonitoringTutorialDataset_0203	True	0	0.99039	0.00961
MonitoringTutorialDataset_0809	True	1	0.00097	0.99903
MonitoringTutorialDataset_3973	True	1	0.0	1.0
MonitoringTutorialDataset_0790	False	0	0.99374	0.00626
MonitoringTutorialDataset_2431	True	1	0.00084	0.99916
MonitoringTutorialDataset_3460	False	0	0.98184	0.01816
MonitoringTutorialDataset_2844	True	1	3e-05	0.99997
MonitoringTutorialDataset_2722	False	1	0.0	1.0
MonitoringTutorialDataset_0478	True	1	1e-05	0.99999
MonitoringTutorialDataset_3288	True	1	0.15822	0.84178
MonitoringTutorialDataset_2164	True	1	0.00018	0.99982
MonitoringTutorialDataset_0443	False	0	0.9989	0.0011
MonitoringTutorialDataset_4077	True	1	0.0	1.0
MonitoringTutorialDataset_1718	False	1	0.1469	0.8531
MonitoringTutorialDataset_3500	False	1	0.49433	0.50567
MonitoringTutorialDataset_0192	False	0	0.99698	0.00302
MonitoringTutorialDataset_0567	False	0	0.98793	0.01207
MonitoringTutorialDataset_1298	True	1	1e-04	0.9999
MonitoringTutorialDataset_1644	True	1	0.0	1.0
MonitoringTutorialDataset_0006	False	1	0.00029	0.99971
MonitoringTutorialDataset_0439	False	0	0.99912	0.00088
MonitoringTutorialDataset_0289	False	1	0.00169	0.99831
MonitoringTutorialDataset_0733	False	0	0.9948	0.0052
MonitoringTutorialDataset_2807	True	1	1e-04	0.9999
MonitoringTutorialDataset_3488	True	1	0.0	1.0
MonitoringTutorialDataset_2245	True	1	0.0	1.0
MonitoringTutorialDataset_1373	False	1	2e-05	0.99998
MonitoringTutorialDataset_1293	False	0	0.99993	7e-05
MonitoringTutorialDataset_0842	True	1	0.0	1.0
MonitoringTutorialDataset_2080	True	1	0.00096	0.99904
MonitoringTutorialDataset_3559	True	1	0.0	1.0
MonitoringTutorialDataset_3793	True	1	0.00032	0.99968
MonitoringTutorialDataset_0194	True	1	0.00011	0.99989
MonitoringTutorialDataset_0450	True	1	0.0006	0.9994
MonitoringTutorialDataset_3923	True	1	1e-04	0.9999
MonitoringTutorialDataset_1431	True	1	0.0	1.0
MonitoringTutorialDataset_0029	False	0	0.93711	0.06289
MonitoringTutorialDataset_2984	True	1	9e-05	0.99991
MonitoringTutorialDataset_0838	True	1	1e-05	0.99999
MonitoringTutorialDataset_2677	True	1	0.48197	0.51803
MonitoringTutorialDataset_3264	True	1	0.0535	0.9465
MonitoringTutorialDataset_3530	False	0	0.99907	0.00093
MonitoringTutorialDataset_3021	False	0	0.9997	0.0003
MonitoringTutorialDataset_3258	True	1	0.00161	0.99839
MonitoringTutorialDataset_2664	True	1	0.0	1.0
MonitoringTutorialDataset_3774	False	1	0.00303	0.99697
MonitoringTutorialDataset_1807	True	1	3e-05	0.99997
MonitoringTutorialDataset_3901	False	1	0.00122	0.99878
MonitoringTutorialDataset_0932	True	1	5e-05	0.99995
MonitoringTutorialDataset_0222	True	1	0.00029	0.99971
MonitoringTutorialDataset_3600	True	1	0.0	1.0
MonitoringTutorialDataset_0720	True	1	0.00013	0.99987
MonitoringTutorialDataset_0573	True	1	0.0	1.0
MonitoringTutorialDataset_1068	True	1	0.00014	0.99986
MonitoringTutorialDataset_3449	False	1	1e-05	0.99999
MonitoringTutorialDataset_1613	True	1	0.0	1.0
MonitoringTutorialDataset_1334	True	1	0.00522	0.99478
MonitoringTutorialDataset_2124	True	0	0.83998	0.16002
MonitoringTutorialDataset_0787	False	0	0.57312	0.42688
MonitoringTutorialDataset_0080	True	1	0.26238	0.73762
MonitoringTutorialDataset_0257	True	1	0.0	1.0
MonitoringTutorialDataset_0295	True	1	0.0	1.0
MonitoringTutorialDataset_2689	False	1	0.44401	0.55599
MonitoringTutorialDataset_3778	False	1	0.0005	0.9995
MonitoringTutorialDataset_3196	False	1	0.30514	0.69486
MonitoringTutorialDataset_0812	True	1	1e-05	0.99999
MonitoringTutorialDataset_0893	True	1	0.00064	0.99936
MonitoringTutorialDataset_0912	False	1	0.0003	0.9997
MonitoringTutorialDataset_2179	True	1	0.0	1.0
MonitoringTutorialDataset_2099	False	0	0.55932	0.44068
MonitoringTutorialDataset_1740	True	1	6e-05	0.99994
MonitoringTutorialDataset_3906	True	1	0.49629	0.50371
MonitoringTutorialDataset_2916	True	1	0.0	1.0
MonitoringTutorialDataset_1173	False	0	0.99905	0.00095
MonitoringTutorialDataset_1921	True	1	0.03441	0.96559
MonitoringTutorialDataset_2202	True	1	0.00029	0.99971
MonitoringTutorialDataset_3166	False	1	0.03977	0.96023
MonitoringTutorialDataset_2791	True	1	0.00016	0.99984
MonitoringTutorialDataset_3731	False	0	0.96791	0.03209
MonitoringTutorialDataset_3503	True	1	0.07447	0.92553
MonitoringTutorialDataset_0654	True	1	0.0	1.0
MonitoringTutorialDataset_3852	False	0	0.99988	0.00012
MonitoringTutorialDataset_2758	True	1	0.00328	0.99672
MonitoringTutorialDataset_2714	True	1	0.0	1.0
MonitoringTutorialDataset_2251	True	1	2e-05	0.99998
MonitoringTutorialDataset_0411	True	1	0.00193	0.99807
MonitoringTutorialDataset_2760	True	1	1e-05	0.99999
MonitoringTutorialDataset_1041	False	0	0.99994	6e-05
MonitoringTutorialDataset_1221	False	0	0.99476	0.00524
MonitoringTutorialDataset_1491	False	1	0.0	1.0
MonitoringTutorialDataset_1746	True	1	0.0	1.0
MonitoringTutorialDataset_1498	True	1	0.02086	0.97914
MonitoringTutorialDataset_0657	True	1	9e-05	0.99991
MonitoringTutorialDataset_1003	False	1	0.00021	0.99979
MonitoringTutorialDataset_2053	True	1	0.20162	0.79838
MonitoringTutorialDataset_0776	False	0	0.8212	0.1788
MonitoringTutorialDataset_3917	True	1	0.0	1.0
MonitoringTutorialDataset_0152	False	0	0.60944	0.39056
MonitoringTutorialDataset_3880	True	1	0.00119	0.99881
MonitoringTutorialDataset_2988	False	0	0.99883	0.00117
MonitoringTutorialDataset_2249	True	1	0.0	1.0
MonitoringTutorialDataset_0102	True	1	0.00941	0.99059
MonitoringTutorialDataset_1422	True	1	2e-05	0.99998
MonitoringTutorialDataset_3652	True	1	0.0	1.0
MonitoringTutorialDataset_0239	False	1	0.34955	0.65045
MonitoringTutorialDataset_0785	False	1	0.0136	0.9864
MonitoringTutorialDataset_1947	True	1	0.0	1.0
MonitoringTutorialDataset_3512	True	1	1e-05	0.99999
MonitoringTutorialDataset_1626	False	0	0.9999	1e-04
MonitoringTutorialDataset_3370	False	0	0.98001	0.01999
MonitoringTutorialDataset_2515	False	0	0.99074	0.00926
MonitoringTutorialDataset_1922	False	1	0.00026	0.99974
MonitoringTutorialDataset_2077	True	1	5e-05	0.99995
MonitoringTutorialDataset_2570	True	1	0.00024	0.99976
MonitoringTutorialDataset_1805	True	1	1e-05	0.99999
MonitoringTutorialDataset_2942	True	1	0.0	1.0
MonitoringTutorialDataset_2846	True	1	0.0	1.0
MonitoringTutorialDataset_0807	True	0	0.99677	0.00323
MonitoringTutorialDataset_0332	True	1	1e-05	0.99999
MonitoringTutorialDataset_1514	True	0	0.92192	0.07808
MonitoringTutorialDataset_2351	True	1	0.0	1.0
MonitoringTutorialDataset_1898	True	1	0.0	1.0
MonitoringTutorialDataset_0888	False	1	0.00102	0.99898
MonitoringTutorialDataset_0816	False	1	1e-05	0.99999
MonitoringTutorialDataset_2940	True	1	0.0	1.0
MonitoringTutorialDataset_1736	True	1	1e-05	0.99999
MonitoringTutorialDataset_3224	False	0	0.99761	0.00239
MonitoringTutorialDataset_3477	False	1	3e-05	0.99997
MonitoringTutorialDataset_2127	True	0	0.93709	0.06291
MonitoringTutorialDataset_3672	True	1	0.0	1.0
MonitoringTutorialDataset_3107	False	1	4e-05	0.99996
MonitoringTutorialDataset_2989	False	0	0.99984	0.00016
MonitoringTutorialDataset_2678	True	1	0.0	1.0
MonitoringTutorialDataset_3720	True	1	0.00019	0.99981
MonitoringTutorialDataset_2345	True	1	0.0003	0.9997
MonitoringTutorialDataset_4054	True	1	0.0	1.0
MonitoringTutorialDataset_1611	False	1	0.0468	0.9532
MonitoringTutorialDataset_2115	True	1	0.0	1.0
MonitoringTutorialDataset_2110	False	0	0.99778	0.00222
MonitoringTutorialDataset_0554	False	1	1e-05	0.99999
MonitoringTutorialDataset_2898	True	1	0.0	1.0
MonitoringTutorialDataset_2866	False	0	0.99937	0.00063
MonitoringTutorialDataset_2925	True	1	8e-05	0.99992
MonitoringTutorialDataset_1967	True	1	0.0	1.0
MonitoringTutorialDataset_3946	True	1	0.0	1.0
MonitoringTutorialDataset_3392	True	1	0.0	1.0
MonitoringTutorialDataset_3940	True	1	9e-05	0.99991
MonitoringTutorialDataset_1420	True	1	1e-05	0.99999
MonitoringTutorialDataset_3173	True	1	0.00085	0.99915
MonitoringTutorialDataset_3701	False	1	0.00043	0.99957
MonitoringTutorialDataset_1032	False	1	0.00079	0.99921
MonitoringTutorialDataset_1703	True	1	0.0	1.0
MonitoringTutorialDataset_3537	False	1	0.0	1.0
MonitoringTutorialDataset_1727	True	0	0.9996	0.0004
MonitoringTutorialDataset_1281	False	0	0.95199	0.04801
MonitoringTutorialDataset_2794	True	1	0.00129	0.99871
MonitoringTutorialDataset_3953	True	1	0.01257	0.98743
MonitoringTutorialDataset_1411	True	1	0.0	1.0
MonitoringTutorialDataset_1697	False	0	0.67085	0.32915
MonitoringTutorialDataset_1027	False	1	0.40937	0.59063
MonitoringTutorialDataset_0729	True	1	0.09076	0.90924
MonitoringTutorialDataset_3853	True	1	0.0	1.0
MonitoringTutorialDataset_1503	True	1	0.0047	0.9953
MonitoringTutorialDataset_0721	True	1	0.0	1.0
MonitoringTutorialDataset_1873	True	1	0.00298	0.99702
MonitoringTutorialDataset_1071	False	1	0.00635	0.99365
MonitoringTutorialDataset_1600	True	1	0.0	1.0
MonitoringTutorialDataset_1402	True	1	0.00057	0.99943
MonitoringTutorialDataset_2338	False	1	0.09976	0.90024
MonitoringTutorialDataset_1612	False	0	0.99923	0.00077
MonitoringTutorialDataset_0346	True	1	0.04549	0.95451
MonitoringTutorialDataset_3035	False	1	0.16636	0.83364
MonitoringTutorialDataset_2670	True	1	0.04508	0.95492
MonitoringTutorialDataset_2059	True	1	0.0	1.0
MonitoringTutorialDataset_0903	True	1	1e-05	0.99999
MonitoringTutorialDataset_3347	True	1	0.0	1.0
MonitoringTutorialDataset_0764	False	0	0.90119	0.09881
MonitoringTutorialDataset_1915	True	1	0.0	1.0
MonitoringTutorialDataset_2525	False	0	0.99558	0.00442
MonitoringTutorialDataset_1480	True	1	0.0	1.0
MonitoringTutorialDataset_1393	False	0	0.99765	0.00235
MonitoringTutorialDataset_0178	False	1	0.07836	0.92164
MonitoringTutorialDataset_3876	True	1	0.00132	0.99868
MonitoringTutorialDataset_3442	True	1	1e-05	0.99999
MonitoringTutorialDataset_0871	True	1	0.0	1.0
MonitoringTutorialDataset_4056	False	0	0.99996	4e-05
MonitoringTutorialDataset_1395	False	1	0.00222	0.99778
MonitoringTutorialDataset_3518	True	1	1e-05	0.99999
MonitoringTutorialDataset_3971	True	1	0.00026	0.99974
MonitoringTutorialDataset_0025	False	0	0.99757	0.00243
MonitoringTutorialDataset_0864	True	1	0.00125	0.99875
MonitoringTutorialDataset_2223	True	1	7e-05	0.99993
MonitoringTutorialDataset_3891	True	1	0.0	1.0
MonitoringTutorialDataset_0173	False	1	6e-05	0.99994
MonitoringTutorialDataset_0949	False	1	0.00013	0.99987
MonitoringTutorialDataset_3121	True	0	0.88523	0.11477
MonitoringTutorialDataset_0331	True	1	0.0	1.0
MonitoringTutorialDataset_2104	True	1	0.00058	0.99942
MonitoringTutorialDataset_0430	True	1	0.0	1.0
MonitoringTutorialDataset_1862	False	1	0.00151	0.99849
MonitoringTutorialDataset_2066	True	0	0.81869	0.18131
MonitoringTutorialDataset_3659	False	1	0.00036	0.99964
MonitoringTutorialDataset_1468	True	1	0.0	1.0
MonitoringTutorialDataset_0479	True	1	0.00038	0.99962
MonitoringTutorialDataset_0952	True	1	0.0	1.0
MonitoringTutorialDataset_2316	True	1	0.02947	0.97053
MonitoringTutorialDataset_0798	True	1	3e-05	0.99997
MonitoringTutorialDataset_1840	True	1	0.00572	0.99428
MonitoringTutorialDataset_3557	False	1	0.00027	0.99973
MonitoringTutorialDataset_3698	True	1	0.00086	0.99914
MonitoringTutorialDataset_3824	False	1	0.01235	0.98765
MonitoringTutorialDataset_2018	True	1	0.00029	0.99971
MonitoringTutorialDataset_2918	True	1	0.01506	0.98494
MonitoringTutorialDataset_0324	False	0	0.99998	2e-05
MonitoringTutorialDataset_1321	False	1	0.0	1.0
MonitoringTutorialDataset_4028	True	1	0.04969	0.9503
MonitoringTutorialDataset_0468	True	1	0.0	1.0
MonitoringTutorialDataset_0561	False	1	0.0	1.0
MonitoringTutorialDataset_1829	False	1	0.0	1.0
MonitoringTutorialDataset_2344	True	1	4e-05	0.99996
MonitoringTutorialDataset_3054	False	0	0.99996	4e-05
MonitoringTutorialDataset_3142	True	1	7e-05	0.99993
MonitoringTutorialDataset_2825	True	1	0.0	1.0
MonitoringTutorialDataset_3975	False	1	1e-05	0.99999
MonitoringTutorialDataset_3803	True	1	0.00035	0.99965
MonitoringTutorialDataset_0061	True	1	0.0	1.0
MonitoringTutorialDataset_0969	True	1	0.01125	0.98875
MonitoringTutorialDataset_1001	False	0	0.96856	0.03144
MonitoringTutorialDataset_2131	True	1	0.0	1.0
MonitoringTutorialDataset_0254	False	1	1e-05	0.99999
MonitoringTutorialDataset_2750	True	1	0.0	1.0
MonitoringTutorialDataset_1233	True	1	0.00025	0.99975
MonitoringTutorialDataset_2915	True	1	0.0	1.0
MonitoringTutorialDataset_1916	False	0	0.99974	0.00026
MonitoringTutorialDataset_2411	False	0	0.99995	5e-05
MonitoringTutorialDataset_2619	True	1	0.00192	0.99808
MonitoringTutorialDataset_1419	True	1	0.0	1.0
MonitoringTutorialDataset_0067	False	0	0.99875	0.00125
MonitoringTutorialDataset_1844	False	0	0.99929	0.00071
MonitoringTutorialDataset_0937	True	0	0.99513	0.00487
